case,kind,corpus,mode,model,matmul,ep,tp,tp_rank,ep_rank,global_tokens,pattern,groups,m_cap,m_capacity,expected_m,alignment,n,k,logical_k,initial_deepgemm_us,initial_b12x_us,initial_ratio,confirm_deepgemm_ratio,confirm_b12x_ratio,max_ratio,parity,task_id,attempt_id,protocol,all_phases_pass,confirmation_required,phases,raw_samples,task,slice
grouped_gemm/contiguous-labels-g5,prefill,legacy,labels,,,,,,,,,5,,,,64,4096,4096,,53.248,49.152,0.9230769230769231,,,0.9230769230769231,True,610be777-acc6-4750-b313-56b5accd16c1,67d58f3d-8eee-42e7-ad0b-cf4423df6e60,interleaved-v1,True,False,1,60,622,0
grouped_gemm/c-dsv41-flash-w13-ep1-t1024-balanced,prefill,legacy,labels,dsv41-flash,w13,1,,,,,,384,,,,128,4608,5120,,7452.672,7271.936,0.9757488320967299,0.9760717032530282,0.9764115260298466,0.9764115260298466,True,610be777-acc6-4750-b313-56b5accd16c1,67d58f3d-8eee-42e7-ad0b-cf4423df6e60,interleaved-v1,True,True,3,860,622,0
grouped_gemm/c-dsv41-flash-w13-ep1-t1024-zipf,prefill,legacy,labels,dsv41-flash,w13,1,,,,,,384,,,,128,4608,5120,,7498.24,7416.832,0.9891430522362582,0.988532423208191,0.9888714412507681,0.9891430522362582,True,610be777-acc6-4750-b313-56b5accd16c1,67d58f3d-8eee-42e7-ad0b-cf4423df6e60,interleaved-v1,True,True,3,860,622,0
grouped_gemm/c-dsv41-flash-w13-ep1-t1024-hot,prefill,legacy,labels,dsv41-flash,w13,1,,,,,,384,,,,128,4608,5120,,7591.936,7437.8240000000005,0.9797005664958188,0.9797625472207231,0.9796303790638068,0.9797625472207231,True,610be777-acc6-4750-b313-56b5accd16c1,67d58f3d-8eee-42e7-ad0b-cf4423df6e60,interleaved-v1,True,True,3,860,622,0
grouped_gemm/c-dsv41-flash-w13-ep1-t1024-disjoint,prefill,legacy,labels,dsv41-flash,w13,1,,,,,,384,,,,128,4608,5120,,1995.744,1744.896,0.8743085285487517,0.8748697895799612,0.8738461538461538,0.8748697895799612,True,610be777-acc6-4750-b313-56b5accd16c1,67d58f3d-8eee-42e7-ad0b-cf4423df6e60,interleaved-v1,True,True,3,860,622,0
grouped_gemm/c-dsv41-flash-w13-ep1-t4096-balanced,prefill,legacy,labels,dsv41-flash,w13,1,,,,,,384,,,,128,4608,5120,,7346.176,7170.5599999999995,0.9760942291608585,0.9768382865913214,0.9767073875091268,0.9768382865913214,True,610be777-acc6-4750-b313-56b5accd16c1,67d58f3d-8eee-42e7-ad0b-cf4423df6e60,interleaved-v1,True,True,3,860,622,0
grouped_gemm/c-dsv41-flash-w13-ep1-t4096-zipf,prefill,legacy,labels,dsv41-flash,w13,1,,,,,,384,,,,128,4608,5120,,7888.896,7801.407999999999,0.988909981827622,0.9889882109081487,0.9883515136559742,0.9889882109081487,True,610be777-acc6-4750-b313-56b5accd16c1,67d58f3d-8eee-42e7-ad0b-cf4423df6e60,interleaved-v1,True,True,3,860,622,0
grouped_gemm/c-dsv41-flash-w13-ep1-t4096-hot,prefill,legacy,labels,dsv41-flash,w13,1,,,,,,384,,,,128,4608,5120,,8230.400000000001,8080.896000000001,0.9818351477449455,0.9822739146660032,0.9819355639704511,0.9822739146660032,True,610be777-acc6-4750-b313-56b5accd16c1,67d58f3d-8eee-42e7-ad0b-cf4423df6e60,interleaved-v1,True,True,3,860,622,0
grouped_gemm/c-dsv41-flash-w13-ep1-t4096-disjoint,prefill,legacy,labels,dsv41-flash,w13,1,,,,,,384,,,,128,4608,5120,,2249.728,2046.464,0.9096495220755575,0.9123595505617976,0.9127633714353962,0.9127633714353962,True,610be777-acc6-4750-b313-56b5accd16c1,67d58f3d-8eee-42e7-ad0b-cf4423df6e60,interleaved-v1,True,True,3,860,622,1
grouped_gemm/c-dsv41-flash-w13-ep1-t8192-balanced,prefill,legacy,labels,dsv41-flash,w13,1,,,,,,384,,,,128,4608,5120,,7254.016,7059.456,0.9731789949181254,0.9727730247712347,0.9733201581027668,0.9733201581027668,True,610be777-acc6-4750-b313-56b5accd16c1,67d58f3d-8eee-42e7-ad0b-cf4423df6e60,interleaved-v1,True,True,3,860,622,1
grouped_gemm/c-dsv41-flash-w13-ep1-t8192-zipf,prefill,legacy,labels,dsv41-flash,w13,1,,,,,,384,,,,128,4608,5120,,8986.112000000001,8804.864000000001,0.9798302091048944,0.979690432853649,0.9798772169167804,0.9798772169167804,True,610be777-acc6-4750-b313-56b5accd16c1,67d58f3d-8eee-42e7-ad0b-cf4423df6e60,interleaved-v1,True,True,3,860,622,1
grouped_gemm/c-dsv41-flash-w13-ep1-t8192-hot,prefill,legacy,labels,dsv41-flash,w13,1,,,,,,384,,,,128,4608,5120,,9223.168,8999.936,0.9757966026423892,0.9754405286343611,0.9757062767945477,0.9757966026423892,True,610be777-acc6-4750-b313-56b5accd16c1,67d58f3d-8eee-42e7-ad0b-cf4423df6e60,interleaved-v1,True,True,3,860,622,1
grouped_gemm/c-dsv41-flash-w13-ep1-t8192-disjoint,prefill,legacy,labels,dsv41-flash,w13,1,,,,,,384,,,,128,4608,5120,,3919.872,3642.88,0.9293364681295716,0.9245125091611033,0.9232051282051283,0.9293364681295716,True,610be777-acc6-4750-b313-56b5accd16c1,67d58f3d-8eee-42e7-ad0b-cf4423df6e60,interleaved-v1,True,True,3,860,622,1
grouped_gemm/c-dsv41-flash-w13-ep4-t1024-balanced,prefill,legacy,labels,dsv41-flash,w13,4,,,,,,96,,,,128,4608,5120,,1824.768,1759.232,0.9640852974186307,,,0.9640852974186307,True,610be777-acc6-4750-b313-56b5accd16c1,67d58f3d-8eee-42e7-ad0b-cf4423df6e60,interleaved-v1,True,False,1,60,622,1
grouped_gemm/c-dsv41-flash-w13-ep4-t1024-zipf,prefill,legacy,labels,dsv41-flash,w13,4,,,,,,96,,,,128,4608,5120,,1816.576,1811.472,0.9971903184892897,0.9966391582059086,0.9966391582059086,0.9971903184892897,True,610be777-acc6-4750-b313-56b5accd16c1,67d58f3d-8eee-42e7-ad0b-cf4423df6e60,interleaved-v1,True,True,3,860,622,1
grouped_gemm/c-dsv41-flash-w13-ep4-t1024-hot,prefill,legacy,labels,dsv41-flash,w13,4,,,,,,96,,,,128,4608,5120,,1849.312,1802.24,0.9745462096174146,,,0.9745462096174146,True,610be777-acc6-4750-b313-56b5accd16c1,67d58f3d-8eee-42e7-ad0b-cf4423df6e60,interleaved-v1,True,False,1,60,622,1
grouped_gemm/c-dsv41-flash-w13-ep4-t1024-disjoint,prefill,legacy,labels,dsv41-flash,w13,4,,,,,,96,,,,128,4608,5120,,507.904,430.08,0.8467741935483871,,,0.8467741935483871,True,610be777-acc6-4750-b313-56b5accd16c1,67d58f3d-8eee-42e7-ad0b-cf4423df6e60,interleaved-v1,True,False,1,60,622,2
grouped_gemm/c-dsv41-flash-w13-ep4-t4096-balanced,prefill,legacy,labels,dsv41-flash,w13,4,,,,,,96,,,,128,4608,5120,,1822.72,1740.8,0.9550561797752809,,,0.9550561797752809,True,610be777-acc6-4750-b313-56b5accd16c1,67d58f3d-8eee-42e7-ad0b-cf4423df6e60,interleaved-v1,True,False,1,60,622,2
grouped_gemm/c-dsv41-flash-w13-ep4-t4096-zipf,prefill,legacy,labels,dsv41-flash,w13,4,,,,,,96,,,,128,4608,5120,,1898.976,1869.824,0.9846485684916502,,,0.9846485684916502,True,610be777-acc6-4750-b313-56b5accd16c1,67d58f3d-8eee-42e7-ad0b-cf4423df6e60,interleaved-v1,True,False,1,60,622,2
grouped_gemm/c-dsv41-flash-w13-ep4-t4096-hot,prefill,legacy,labels,dsv41-flash,w13,4,,,,,,96,,,,128,4608,5120,,1975.296,1934.336,0.9792638672887506,,,0.9792638672887506,True,610be777-acc6-4750-b313-56b5accd16c1,67d58f3d-8eee-42e7-ad0b-cf4423df6e60,interleaved-v1,True,False,1,60,622,2
grouped_gemm/c-dsv41-flash-w13-ep4-t4096-disjoint,prefill,legacy,labels,dsv41-flash,w13,4,,,,,,96,,,,128,4608,5120,,591.872,542.72,0.9169550173010381,,,0.9169550173010381,True,610be777-acc6-4750-b313-56b5accd16c1,67d58f3d-8eee-42e7-ad0b-cf4423df6e60,interleaved-v1,True,False,1,60,622,2
grouped_gemm/c-dsv41-flash-w13-ep4-t8192-balanced,prefill,legacy,labels,dsv41-flash,w13,4,,,,,,96,,,,128,4608,5120,,1808.384,1728.512,0.9558323895809739,,,0.9558323895809739,True,610be777-acc6-4750-b313-56b5accd16c1,67d58f3d-8eee-42e7-ad0b-cf4423df6e60,interleaved-v1,True,False,1,60,622,2
grouped_gemm/c-dsv41-flash-w13-ep4-t8192-zipf,prefill,legacy,labels,dsv41-flash,w13,4,,,,,,96,,,,128,4608,5120,,2056.192,2014.208,0.9795816733067729,,,0.9795816733067729,True,610be777-acc6-4750-b313-56b5accd16c1,67d58f3d-8eee-42e7-ad0b-cf4423df6e60,interleaved-v1,True,False,1,60,622,2
grouped_gemm/c-dsv41-flash-w13-ep4-t8192-hot,prefill,legacy,labels,dsv41-flash,w13,4,,,,,,96,,,,128,4608,5120,,2214.912,2133.4719999999998,0.9632310448451225,,,0.9632310448451225,True,610be777-acc6-4750-b313-56b5accd16c1,67d58f3d-8eee-42e7-ad0b-cf4423df6e60,interleaved-v1,True,False,1,60,622,2
grouped_gemm/c-dsv41-flash-w13-ep4-t8192-disjoint,prefill,legacy,labels,dsv41-flash,w13,4,,,,,,96,,,,128,4608,5120,,891.9200000000001,835.584,0.9368373845187908,,,0.9368373845187908,True,610be777-acc6-4750-b313-56b5accd16c1,67d58f3d-8eee-42e7-ad0b-cf4423df6e60,interleaved-v1,True,False,1,60,622,3
grouped_gemm/c-dsv41-flash-w13-ep8-t1024-balanced,prefill,legacy,labels,dsv41-flash,w13,8,,,,,,48,,,,128,4608,5120,,933.888,854.016,0.9144736842105262,,,0.9144736842105262,True,610be777-acc6-4750-b313-56b5accd16c1,67d58f3d-8eee-42e7-ad0b-cf4423df6e60,interleaved-v1,True,False,1,60,622,3
grouped_gemm/c-dsv41-flash-w13-ep8-t1024-zipf,prefill,legacy,labels,dsv41-flash,w13,8,,,,,,48,,,,128,4608,5120,,923.616,868.32,0.940130963517306,,,0.940130963517306,True,610be777-acc6-4750-b313-56b5accd16c1,67d58f3d-8eee-42e7-ad0b-cf4423df6e60,interleaved-v1,True,False,1,60,622,3
grouped_gemm/c-dsv41-flash-w13-ep8-t1024-hot,prefill,legacy,labels,dsv41-flash,w13,8,,,,,,48,,,,128,4608,5120,,917.472,862.208,0.9397649192563915,,,0.9397649192563915,True,610be777-acc6-4750-b313-56b5accd16c1,67d58f3d-8eee-42e7-ad0b-cf4423df6e60,interleaved-v1,True,False,1,60,622,3
grouped_gemm/c-dsv41-flash-w13-ep8-t1024-disjoint,prefill,legacy,labels,dsv41-flash,w13,8,,,,,,48,,,,128,4608,5120,,266.24,217.088,0.8153846153846154,,,0.8153846153846154,True,610be777-acc6-4750-b313-56b5accd16c1,67d58f3d-8eee-42e7-ad0b-cf4423df6e60,interleaved-v1,True,False,1,60,622,3
grouped_gemm/c-dsv41-flash-w13-ep8-t4096-balanced,prefill,legacy,labels,dsv41-flash,w13,8,,,,,,48,,,,128,4608,5120,,929.792,847.872,0.9118942731277532,,,0.9118942731277532,True,610be777-acc6-4750-b313-56b5accd16c1,67d58f3d-8eee-42e7-ad0b-cf4423df6e60,interleaved-v1,True,False,1,60,622,3
grouped_gemm/c-dsv41-flash-w13-ep8-t4096-zipf,prefill,legacy,labels,dsv41-flash,w13,8,,,,,,48,,,,128,4608,5120,,960.512,911.36,0.9488272921108742,,,0.9488272921108742,True,610be777-acc6-4750-b313-56b5accd16c1,67d58f3d-8eee-42e7-ad0b-cf4423df6e60,interleaved-v1,True,False,1,60,622,3
grouped_gemm/c-dsv41-flash-w13-ep8-t4096-hot,prefill,legacy,labels,dsv41-flash,w13,8,,,,,,48,,,,128,4608,5120,,956.384,903.168,0.9443570783283702,,,0.9443570783283702,True,610be777-acc6-4750-b313-56b5accd16c1,67d58f3d-8eee-42e7-ad0b-cf4423df6e60,interleaved-v1,True,False,1,60,622,3
grouped_gemm/c-dsv41-flash-w13-ep8-t4096-disjoint,prefill,legacy,labels,dsv41-flash,w13,8,,,,,,48,,,,128,4608,5120,,292.864,268.288,0.9160839160839161,,,0.9160839160839161,True,610be777-acc6-4750-b313-56b5accd16c1,67d58f3d-8eee-42e7-ad0b-cf4423df6e60,interleaved-v1,True,False,1,60,622,4
grouped_gemm/c-dsv41-flash-w13-ep8-t8192-balanced,prefill,legacy,labels,dsv41-flash,w13,8,,,,,,48,,,,128,4608,5120,,923.648,849.92,0.9201773835920176,,,0.9201773835920176,True,610be777-acc6-4750-b313-56b5accd16c1,67d58f3d-8eee-42e7-ad0b-cf4423df6e60,interleaved-v1,True,False,1,60,622,4
grouped_gemm/c-dsv41-flash-w13-ep8-t8192-zipf,prefill,legacy,labels,dsv41-flash,w13,8,,,,,,48,,,,128,4608,5120,,1083.376,1050.624,0.9697685752684202,0.9679530646540289,0.9679530646540289,0.9697685752684202,True,610be777-acc6-4750-b313-56b5accd16c1,67d58f3d-8eee-42e7-ad0b-cf4423df6e60,interleaved-v1,True,True,3,860,622,4
grouped_gemm/c-dsv41-flash-w13-ep8-t8192-hot,prefill,legacy,labels,dsv41-flash,w13,8,,,,,,48,,,,128,4608,5120,,1091.552,1028.096,0.9418662601506846,,,0.9418662601506846,True,610be777-acc6-4750-b313-56b5accd16c1,67d58f3d-8eee-42e7-ad0b-cf4423df6e60,interleaved-v1,True,False,1,60,622,4
grouped_gemm/c-dsv41-flash-w13-ep8-t8192-disjoint,prefill,legacy,labels,dsv41-flash,w13,8,,,,,,48,,,,128,4608,5120,,468.992,438.272,0.9344978165938864,,,0.9344978165938864,True,610be777-acc6-4750-b313-56b5accd16c1,67d58f3d-8eee-42e7-ad0b-cf4423df6e60,interleaved-v1,True,False,1,60,622,4
grouped_gemm/c-dsv41-flash-w2-ep1-t1024-balanced,prefill,legacy,labels,dsv41-flash,w2,1,,,,,,384,,,,128,5120,2304,,3925.504,3913.728,0.9970001304291118,0.9968692929819984,0.9966092853416797,0.9970001304291118,True,610be777-acc6-4750-b313-56b5accd16c1,67d58f3d-8eee-42e7-ad0b-cf4423df6e60,interleaved-v1,True,True,3,860,622,4
grouped_gemm/c-dsv41-flash-w2-ep1-t1024-zipf,prefill,legacy,labels,dsv41-flash,w2,1,,,,,,384,,,,128,5120,2304,,3970.048,3969.024,0.9997420686097498,0.9989682744389994,0.9992260061919506,0.9997420686097498,True,610be777-acc6-4750-b313-56b5accd16c1,67d58f3d-8eee-42e7-ad0b-cf4423df6e60,interleaved-v1,True,True,3,860,622,4
grouped_gemm/c-dsv41-flash-w2-ep1-t1024-hot,prefill,legacy,labels,dsv41-flash,w2,1,,,,,,384,,,,128,5120,2304,,4020.736,3991.552,0.9927416274035401,0.9926133469179826,0.9928680590932246,0.9928680590932246,True,610be777-acc6-4750-b313-56b5accd16c1,67d58f3d-8eee-42e7-ad0b-cf4423df6e60,interleaved-v1,True,True,3,860,622,4
grouped_gemm/c-dsv41-flash-w2-ep1-t1024-disjoint,prefill,legacy,labels,dsv41-flash,w2,1,,,,,,384,,,,128,5120,2304,,1024.0,909.312,0.888,0.888,0.8880277508672146,0.8880277508672146,True,610be777-acc6-4750-b313-56b5accd16c1,67d58f3d-8eee-42e7-ad0b-cf4423df6e60,interleaved-v1,True,True,3,860,622,5
grouped_gemm/c-dsv41-flash-w2-ep1-t4096-balanced,prefill,legacy,labels,dsv41-flash,w2,1,,,,,,384,,,,128,5120,2304,,3813.888,3794.944,0.9950328903208484,0.9955663039097139,0.9957000806234884,0.9957000806234884,True,610be777-acc6-4750-b313-56b5accd16c1,67d58f3d-8eee-42e7-ad0b-cf4423df6e60,interleaved-v1,True,True,3,860,622,5
grouped_gemm/c-dsv41-flash-w2-ep1-t4096-zipf,prefill,legacy,labels,dsv41-flash,w2,1,,,,,,384,,,,128,5120,2304,,4244.992,4208.128000000001,0.9913158846942469,0.9915560916767191,0.9917993246502653,0.9917993246502653,True,610be777-acc6-4750-b313-56b5accd16c1,67d58f3d-8eee-42e7-ad0b-cf4423df6e60,interleaved-v1,True,True,3,860,622,5
grouped_gemm/c-dsv41-flash-w2-ep1-t4096-hot,prefill,legacy,labels,dsv41-flash,w2,1,,,,,,384,,,,128,5120,2304,,4360.192,4301.824,0.9866134335368717,0.9857997887571881,0.9859154929577466,0.9866134335368717,True,610be777-acc6-4750-b313-56b5accd16c1,67d58f3d-8eee-42e7-ad0b-cf4423df6e60,interleaved-v1,True,True,3,860,622,5
grouped_gemm/c-dsv41-flash-w2-ep1-t4096-disjoint,prefill,legacy,labels,dsv41-flash,w2,1,,,,,,384,,,,128,5120,2304,,1175.552,1083.392,0.9216027874564461,0.9218750000000001,0.9218875038995212,0.9218875038995212,True,610be777-acc6-4750-b313-56b5accd16c1,67d58f3d-8eee-42e7-ad0b-cf4423df6e60,interleaved-v1,True,True,3,860,622,5
grouped_gemm/c-dsv41-flash-w2-ep1-t8192-balanced,prefill,legacy,labels,dsv41-flash,w2,1,,,,,,384,,,,128,5120,2304,,3713.536,3680.256,0.9910381910933407,0.9917218543046357,0.9917218543046357,0.9917218543046357,True,610be777-acc6-4750-b313-56b5accd16c1,67d58f3d-8eee-42e7-ad0b-cf4423df6e60,interleaved-v1,True,True,3,860,622,5
grouped_gemm/c-dsv41-flash-w2-ep1-t8192-zipf,prefill,legacy,labels,dsv41-flash,w2,1,,,,,,384,,,,128,5120,2304,,4710.4,4613.632,0.9794565217391304,0.9792432432432432,0.9788257453013611,0.9794565217391304,True,610be777-acc6-4750-b313-56b5accd16c1,67d58f3d-8eee-42e7-ad0b-cf4423df6e60,interleaved-v1,True,True,3,860,622,5
grouped_gemm/c-dsv41-flash-w2-ep1-t8192-hot,prefill,legacy,labels,dsv41-flash,w2,1,,,,,,384,,,,128,5120,2304,,4798.464,4718.08,0.9832479726845924,0.983784937059953,0.9831664180694653,0.983784937059953,True,610be777-acc6-4750-b313-56b5accd16c1,67d58f3d-8eee-42e7-ad0b-cf4423df6e60,interleaved-v1,True,True,3,860,622,5
grouped_gemm/c-dsv41-flash-w2-ep1-t8192-disjoint,prefill,legacy,labels,dsv41-flash,w2,1,,,,,,384,,,,128,5120,2304,,1841.152,1730.56,0.9399332591768631,0.9382909349173555,0.9399433885968459,0.9399433885968459,True,610be777-acc6-4750-b313-56b5accd16c1,67d58f3d-8eee-42e7-ad0b-cf4423df6e60,interleaved-v1,True,True,3,860,622,6
grouped_gemm/c-dsv41-flash-w2-ep4-t1024-balanced,prefill,legacy,labels,dsv41-flash,w2,4,,,,,,96,,,,128,5120,2304,,946.176,933.888,0.987012987012987,,,0.987012987012987,True,610be777-acc6-4750-b313-56b5accd16c1,67d58f3d-8eee-42e7-ad0b-cf4423df6e60,interleaved-v1,True,False,1,60,622,6
grouped_gemm/c-dsv41-flash-w2-ep4-t1024-zipf,prefill,legacy,labels,dsv41-flash,w2,4,,,,,,96,,,,128,5120,2304,,958.464,946.176,0.9871794871794871,,,0.9871794871794871,True,610be777-acc6-4750-b313-56b5accd16c1,67d58f3d-8eee-42e7-ad0b-cf4423df6e60,interleaved-v1,True,False,1,60,622,6
grouped_gemm/c-dsv41-flash-w2-ep4-t1024-hot,prefill,legacy,labels,dsv41-flash,w2,4,,,,,,96,,,,128,5120,2304,,956.4000000000001,942.08,0.9850271852781263,,,0.9850271852781263,True,610be777-acc6-4750-b313-56b5accd16c1,67d58f3d-8eee-42e7-ad0b-cf4423df6e60,interleaved-v1,True,False,1,60,622,6
grouped_gemm/c-dsv41-flash-w2-ep4-t1024-disjoint,prefill,legacy,labels,dsv41-flash,w2,4,,,,,,96,,,,128,5120,2304,,262.144,219.136,0.8359375,,,0.8359375,True,610be777-acc6-4750-b313-56b5accd16c1,67d58f3d-8eee-42e7-ad0b-cf4423df6e60,interleaved-v1,True,False,1,60,622,6
grouped_gemm/c-dsv41-flash-w2-ep4-t4096-balanced,prefill,legacy,labels,dsv41-flash,w2,4,,,,,,96,,,,128,5120,2304,,935.904,906.736,0.9688344103668752,,,0.9688344103668752,True,610be777-acc6-4750-b313-56b5accd16c1,67d58f3d-8eee-42e7-ad0b-cf4423df6e60,interleaved-v1,True,False,1,60,622,6
grouped_gemm/c-dsv41-flash-w2-ep4-t4096-zipf,prefill,legacy,labels,dsv41-flash,w2,4,,,,,,96,,,,128,5120,2304,,1017.856,993.28,0.9758551307847082,,,0.9758551307847082,True,610be777-acc6-4750-b313-56b5accd16c1,67d58f3d-8eee-42e7-ad0b-cf4423df6e60,interleaved-v1,True,False,1,60,622,6
grouped_gemm/c-dsv41-flash-w2-ep4-t4096-hot,prefill,legacy,labels,dsv41-flash,w2,4,,,,,,96,,,,128,5120,2304,,1052.64,1011.712,0.9611187110503115,,,0.9611187110503115,True,610be777-acc6-4750-b313-56b5accd16c1,67d58f3d-8eee-42e7-ad0b-cf4423df6e60,interleaved-v1,True,False,1,60,622,6
grouped_gemm/c-dsv41-flash-w2-ep4-t4096-disjoint,prefill,legacy,labels,dsv41-flash,w2,4,,,,,,96,,,,128,5120,2304,,303.104,280.576,0.9256756756756758,,,0.9256756756756758,True,610be777-acc6-4750-b313-56b5accd16c1,67d58f3d-8eee-42e7-ad0b-cf4423df6e60,interleaved-v1,True,False,1,60,622,7
grouped_gemm/c-dsv41-flash-w2-ep4-t8192-balanced,prefill,legacy,labels,dsv41-flash,w2,4,,,,,,96,,,,128,5120,2304,,923.648,899.072,0.9733924611973392,,,0.9733924611973392,True,610be777-acc6-4750-b313-56b5accd16c1,67d58f3d-8eee-42e7-ad0b-cf4423df6e60,interleaved-v1,True,False,1,60,622,7
grouped_gemm/c-dsv41-flash-w2-ep4-t8192-zipf,prefill,legacy,labels,dsv41-flash,w2,4,,,,,,96,,,,128,5120,2304,,1087.488,1056.768,0.9717514124293785,,,0.9717514124293785,True,610be777-acc6-4750-b313-56b5accd16c1,67d58f3d-8eee-42e7-ad0b-cf4423df6e60,interleaved-v1,True,False,1,60,622,7
grouped_gemm/c-dsv41-flash-w2-ep4-t8192-hot,prefill,legacy,labels,dsv41-flash,w2,4,,,,,,96,,,,128,5120,2304,,1163.28,1095.68,0.9418884533388351,,,0.9418884533388351,True,610be777-acc6-4750-b313-56b5accd16c1,67d58f3d-8eee-42e7-ad0b-cf4423df6e60,interleaved-v1,True,False,1,60,622,7
grouped_gemm/c-dsv41-flash-w2-ep4-t8192-disjoint,prefill,legacy,labels,dsv41-flash,w2,4,,,,,,96,,,,128,5120,2304,,466.976,438.304,0.9386006989652572,,,0.9386006989652572,True,610be777-acc6-4750-b313-56b5accd16c1,67d58f3d-8eee-42e7-ad0b-cf4423df6e60,interleaved-v1,True,False,1,60,622,7
grouped_gemm/c-dsv41-flash-w2-ep8-t1024-balanced,prefill,legacy,labels,dsv41-flash,w2,8,,,,,,48,,,,128,5120,2304,,479.232,440.288,0.9187366452991452,,,0.9187366452991452,True,610be777-acc6-4750-b313-56b5accd16c1,67d58f3d-8eee-42e7-ad0b-cf4423df6e60,interleaved-v1,True,False,1,60,622,7
grouped_gemm/c-dsv41-flash-w2-ep8-t1024-zipf,prefill,legacy,labels,dsv41-flash,w2,8,,,,,,48,,,,128,5120,2304,,477.184,442.336,0.9269715665236051,,,0.9269715665236051,True,610be777-acc6-4750-b313-56b5accd16c1,67d58f3d-8eee-42e7-ad0b-cf4423df6e60,interleaved-v1,True,False,1,60,622,7
grouped_gemm/c-dsv41-flash-w2-ep8-t1024-hot,prefill,legacy,labels,dsv41-flash,w2,8,,,,,,48,,,,128,5120,2304,,473.088,444.416,0.9393939393939393,,,0.9393939393939393,True,610be777-acc6-4750-b313-56b5accd16c1,67d58f3d-8eee-42e7-ad0b-cf4423df6e60,interleaved-v1,True,False,1,60,622,7
grouped_gemm/c-dsv41-flash-w2-ep8-t1024-disjoint,prefill,legacy,labels,dsv41-flash,w2,8,,,,,,48,,,,128,5120,2304,,126.976,116.736,0.9193548387096775,0.9193548387096775,0.9193548387096775,0.9193548387096775,True,610be777-acc6-4750-b313-56b5accd16c1,67d58f3d-8eee-42e7-ad0b-cf4423df6e60,interleaved-v1,True,True,3,860,622,8
grouped_gemm/c-dsv41-flash-w2-ep8-t4096-balanced,prefill,legacy,labels,dsv41-flash,w2,8,,,,,,48,,,,128,5120,2304,,475.136,433.13599999999997,0.9116042564655171,,,0.9116042564655171,True,610be777-acc6-4750-b313-56b5accd16c1,67d58f3d-8eee-42e7-ad0b-cf4423df6e60,interleaved-v1,True,False,1,60,622,8
grouped_gemm/c-dsv41-flash-w2-ep8-t4096-zipf,prefill,legacy,labels,dsv41-flash,w2,8,,,,,,48,,,,128,5120,2304,,489.472,454.656,0.9288702928870294,,,0.9288702928870294,True,610be777-acc6-4750-b313-56b5accd16c1,67d58f3d-8eee-42e7-ad0b-cf4423df6e60,interleaved-v1,True,False,1,60,622,8
grouped_gemm/c-dsv41-flash-w2-ep8-t4096-hot,prefill,legacy,labels,dsv41-flash,w2,8,,,,,,48,,,,128,5120,2304,,526.304,497.664,0.9455827810542956,0.9454644941634242,0.9454644941634242,0.9455827810542956,True,610be777-acc6-4750-b313-56b5accd16c1,67d58f3d-8eee-42e7-ad0b-cf4423df6e60,interleaved-v1,True,True,3,860,622,8
grouped_gemm/c-dsv41-flash-w2-ep8-t4096-disjoint,prefill,legacy,labels,dsv41-flash,w2,8,,,,,,48,,,,128,5120,2304,,157.696,143.36,0.9090909090909092,,,0.9090909090909092,True,610be777-acc6-4750-b313-56b5accd16c1,67d58f3d-8eee-42e7-ad0b-cf4423df6e60,interleaved-v1,True,False,1,60,622,8
grouped_gemm/c-dsv41-flash-w2-ep8-t8192-balanced,prefill,legacy,labels,dsv41-flash,w2,8,,,,,,48,,,,128,5120,2304,,470.016,430.08,0.9150326797385621,,,0.9150326797385621,True,610be777-acc6-4750-b313-56b5accd16c1,67d58f3d-8eee-42e7-ad0b-cf4423df6e60,interleaved-v1,True,False,1,60,622,8
grouped_gemm/c-dsv41-flash-w2-ep8-t8192-zipf,prefill,legacy,labels,dsv41-flash,w2,8,,,,,,48,,,,128,5120,2304,,534.528,512.0,0.9578544061302682,0.9578544061302682,0.9578544061302682,0.9578544061302682,True,610be777-acc6-4750-b313-56b5accd16c1,67d58f3d-8eee-42e7-ad0b-cf4423df6e60,interleaved-v1,True,True,3,860,622,8
grouped_gemm/c-dsv41-flash-w2-ep8-t8192-hot,prefill,legacy,labels,dsv41-flash,w2,8,,,,,,48,,,,128,5120,2304,,571.392,540.64,0.9461805555555555,,,0.9461805555555555,True,610be777-acc6-4750-b313-56b5accd16c1,67d58f3d-8eee-42e7-ad0b-cf4423df6e60,interleaved-v1,True,False,1,60,622,8
grouped_gemm/c-dsv41-flash-w2-ep8-t8192-disjoint,prefill,legacy,labels,dsv41-flash,w2,8,,,,,,48,,,,128,5120,2304,,243.744,229.408,0.9411841932519364,,,0.9411841932519364,True,610be777-acc6-4750-b313-56b5accd16c1,67d58f3d-8eee-42e7-ad0b-cf4423df6e60,interleaved-v1,True,False,1,60,622,9
grouped_gemm/c-dsv4-flash-w13-ep1-t1024-balanced,prefill,legacy,labels,dsv4-flash,w13,1,,,,,,256,,,,128,4096,4096,,3513.344,3438.08,0.9785776741474789,0.9784319440396386,0.9787172011661808,0.9787172011661808,True,610be777-acc6-4750-b313-56b5accd16c1,67d58f3d-8eee-42e7-ad0b-cf4423df6e60,interleaved-v1,True,True,3,860,622,9
grouped_gemm/c-dsv4-flash-w13-ep1-t1024-zipf,prefill,legacy,labels,dsv4-flash,w13,1,,,,,,256,,,,128,4096,4096,,3566.592,3493.888,0.9796152741889176,0.9796094198736358,0.9798966111430212,0.9798966111430212,True,610be777-acc6-4750-b313-56b5accd16c1,67d58f3d-8eee-42e7-ad0b-cf4423df6e60,interleaved-v1,True,True,3,860,622,9
grouped_gemm/c-dsv4-flash-w13-ep1-t1024-hot,prefill,legacy,labels,dsv4-flash,w13,1,,,,,,256,,,,128,4096,4096,,3629.056,3545.312,0.976924026523702,0.9765976478675263,0.9765933446136492,0.976924026523702,True,610be777-acc6-4750-b313-56b5accd16c1,67d58f3d-8eee-42e7-ad0b-cf4423df6e60,interleaved-v1,True,True,3,860,622,9
grouped_gemm/c-dsv4-flash-w13-ep1-t1024-disjoint,prefill,legacy,labels,dsv4-flash,w13,1,,,,,,256,,,,128,4096,4096,,927.744,806.4000000000001,0.8692052980132451,0.8675496688741722,0.8697399282560706,0.8697399282560706,True,610be777-acc6-4750-b313-56b5accd16c1,67d58f3d-8eee-42e7-ad0b-cf4423df6e60,interleaved-v1,True,True,3,860,622,9
grouped_gemm/c-dsv4-flash-w13-ep1-t4096-balanced,prefill,legacy,labels,dsv4-flash,w13,1,,,,,,256,,,,128,4096,4096,,3445.76,3341.312,0.9696879643387815,0.9699852295001253,0.9702824974221296,0.9702824974221296,True,610be777-acc6-4750-b313-56b5accd16c1,67d58f3d-8eee-42e7-ad0b-cf4423df6e60,interleaved-v1,True,True,3,860,622,9
grouped_gemm/c-dsv4-flash-w13-ep1-t4096-zipf,prefill,legacy,labels,dsv4-flash,w13,1,,,,,,256,,,,128,4096,4096,,3953.664,3864.0640000000003,0.9773374773374773,0.9785529715762273,0.9788089414158049,0.9788089414158049,True,610be777-acc6-4750-b313-56b5accd16c1,67d58f3d-8eee-42e7-ad0b-cf4423df6e60,interleaved-v1,True,True,3,860,622,9
grouped_gemm/c-dsv4-flash-w13-ep1-t4096-hot,prefill,legacy,labels,dsv4-flash,w13,1,,,,,,256,,,,128,4096,4096,,4101.12,3978.752,0.9701622971285893,0.9694666001994019,0.9701046337817638,0.9701622971285893,True,610be777-acc6-4750-b313-56b5accd16c1,67d58f3d-8eee-42e7-ad0b-cf4423df6e60,interleaved-v1,True,True,3,860,622,9
grouped_gemm/c-dsv4-flash-w13-ep1-t4096-disjoint,prefill,legacy,labels,dsv4-flash,w13,1,,,,,,256,,,,128,4096,4096,,1314.848,1206.304,0.917447492029497,0.924100727629388,0.9203558177586246,0.924100727629388,True,610be777-acc6-4750-b313-56b5accd16c1,67d58f3d-8eee-42e7-ad0b-cf4423df6e60,interleaved-v1,True,True,3,860,622,10
grouped_gemm/c-dsv4-flash-w13-ep1-t8192-balanced,prefill,legacy,labels,dsv4-flash,w13,1,,,,,,256,,,,128,4096,4096,,3877.888,3787.776,0.9767626089252707,0.9776021080368906,0.9784380752037866,0.9784380752037866,True,610be777-acc6-4750-b313-56b5accd16c1,67d58f3d-8eee-42e7-ad0b-cf4423df6e60,interleaved-v1,True,True,3,860,622,10
grouped_gemm/c-dsv4-flash-w13-ep1-t8192-zipf,prefill,legacy,labels,dsv4-flash,w13,1,,,,,,256,,,,128,4096,4096,,4673.023999999999,4572.16,0.9784156897118441,0.9787931788369043,0.9789842381786341,0.9789842381786341,True,610be777-acc6-4750-b313-56b5accd16c1,67d58f3d-8eee-42e7-ad0b-cf4423df6e60,interleaved-v1,True,True,3,860,622,10
grouped_gemm/c-dsv4-flash-w13-ep1-t8192-hot,prefill,legacy,labels,dsv4-flash,w13,1,,,,,,256,,,,128,4096,4096,,4725.76,4600.832,0.9735644637053088,0.9736705102325286,0.9746454662655779,0.9746454662655779,True,610be777-acc6-4750-b313-56b5accd16c1,67d58f3d-8eee-42e7-ad0b-cf4423df6e60,interleaved-v1,True,True,3,860,622,10
grouped_gemm/c-dsv4-flash-w13-ep1-t8192-disjoint,prefill,legacy,labels,dsv4-flash,w13,1,,,,,,256,,,,128,4096,4096,,2531.84,2366.464,0.9346814964610717,0.9496783957623912,0.948321388155413,0.9496783957623912,True,610be777-acc6-4750-b313-56b5accd16c1,67d58f3d-8eee-42e7-ad0b-cf4423df6e60,interleaved-v1,True,True,3,860,622,10
grouped_gemm/c-dsv4-flash-w13-ep4-t1024-balanced,prefill,legacy,labels,dsv4-flash,w13,4,,,,,,64,,,,128,4096,4096,,849.92,813.056,0.9566265060240965,,,0.9566265060240965,True,610be777-acc6-4750-b313-56b5accd16c1,67d58f3d-8eee-42e7-ad0b-cf4423df6e60,interleaved-v1,True,False,1,60,622,10
grouped_gemm/c-dsv4-flash-w13-ep4-t1024-zipf,prefill,legacy,labels,dsv4-flash,w13,4,,,,,,64,,,,128,4096,4096,,858.112,825.344,0.9618138424821003,,,0.9618138424821003,True,610be777-acc6-4750-b313-56b5accd16c1,67d58f3d-8eee-42e7-ad0b-cf4423df6e60,interleaved-v1,True,False,1,60,622,10
grouped_gemm/c-dsv4-flash-w13-ep4-t1024-hot,prefill,legacy,labels,dsv4-flash,w13,4,,,,,,64,,,,128,4096,4096,,870.368,845.824,0.9718004338394793,0.9717647058823529,0.9718004338394793,0.9718004338394793,True,610be777-acc6-4750-b313-56b5accd16c1,67d58f3d-8eee-42e7-ad0b-cf4423df6e60,interleaved-v1,True,True,3,860,622,10
grouped_gemm/c-dsv4-flash-w13-ep4-t1024-disjoint,prefill,legacy,labels,dsv4-flash,w13,4,,,,,,64,,,,128,4096,4096,,235.52,206.848,0.8782608695652174,,,0.8782608695652174,True,610be777-acc6-4750-b313-56b5accd16c1,67d58f3d-8eee-42e7-ad0b-cf4423df6e60,interleaved-v1,True,False,1,60,622,11
grouped_gemm/c-dsv4-flash-w13-ep4-t4096-balanced,prefill,legacy,labels,dsv4-flash,w13,4,,,,,,64,,,,128,4096,4096,,841.696,802.816,0.9538075504695281,,,0.9538075504695281,True,610be777-acc6-4750-b313-56b5accd16c1,67d58f3d-8eee-42e7-ad0b-cf4423df6e60,interleaved-v1,True,False,1,60,622,11
grouped_gemm/c-dsv4-flash-w13-ep4-t4096-zipf,prefill,legacy,labels,dsv4-flash,w13,4,,,,,,64,,,,128,4096,4096,,933.8720000000001,913.408,0.9780869326845648,0.9780701754385964,0.9780701754385964,0.9780869326845648,True,610be777-acc6-4750-b313-56b5accd16c1,67d58f3d-8eee-42e7-ad0b-cf4423df6e60,interleaved-v1,True,True,3,860,622,11
grouped_gemm/c-dsv4-flash-w13-ep4-t4096-hot,prefill,legacy,labels,dsv4-flash,w13,4,,,,,,64,,,,128,4096,4096,,978.912,940.0,0.9602497466575136,,,0.9602497466575136,True,610be777-acc6-4750-b313-56b5accd16c1,67d58f3d-8eee-42e7-ad0b-cf4423df6e60,interleaved-v1,True,False,1,60,622,11
grouped_gemm/c-dsv4-flash-w13-ep4-t4096-disjoint,prefill,legacy,labels,dsv4-flash,w13,4,,,,,,64,,,,128,4096,4096,,352.256,325.632,0.9244186046511629,,,0.9244186046511629,True,610be777-acc6-4750-b313-56b5accd16c1,67d58f3d-8eee-42e7-ad0b-cf4423df6e60,interleaved-v1,True,False,1,60,622,11
grouped_gemm/c-dsv4-flash-w13-ep4-t8192-balanced,prefill,legacy,labels,dsv4-flash,w13,4,,,,,,64,,,,128,4096,4096,,933.888,921.632,0.986876370614035,,,0.986876370614035,True,610be777-acc6-4750-b313-56b5accd16c1,67d58f3d-8eee-42e7-ad0b-cf4423df6e60,interleaved-v1,True,False,1,60,622,11
grouped_gemm/c-dsv4-flash-w13-ep4-t8192-zipf,prefill,legacy,labels,dsv4-flash,w13,4,,,,,,64,,,,128,4096,4096,,1103.872,1087.488,0.9851576994434137,,,0.9851576994434137,True,610be777-acc6-4750-b313-56b5accd16c1,67d58f3d-8eee-42e7-ad0b-cf4423df6e60,interleaved-v1,True,False,1,60,622,11
grouped_gemm/c-dsv4-flash-w13-ep4-t8192-hot,prefill,legacy,labels,dsv4-flash,w13,4,,,,,,64,,,,128,4096,4096,,1161.216,1118.208,0.9629629629629631,,,0.9629629629629631,True,610be777-acc6-4750-b313-56b5accd16c1,67d58f3d-8eee-42e7-ad0b-cf4423df6e60,interleaved-v1,True,False,1,60,622,11
grouped_gemm/c-dsv4-flash-w13-ep4-t8192-disjoint,prefill,legacy,labels,dsv4-flash,w13,4,,,,,,64,,,,128,4096,4096,,632.832,593.92,0.9385113268608414,,,0.9385113268608414,True,610be777-acc6-4750-b313-56b5accd16c1,67d58f3d-8eee-42e7-ad0b-cf4423df6e60,interleaved-v1,True,False,1,60,622,12
grouped_gemm/c-dsv4-flash-w13-ep8-t1024-balanced,prefill,legacy,labels,dsv4-flash,w13,8,,,,,,32,,,,128,4096,4096,,434.144,395.232,0.9103707525613621,,,0.9103707525613621,True,610be777-acc6-4750-b313-56b5accd16c1,67d58f3d-8eee-42e7-ad0b-cf4423df6e60,interleaved-v1,True,False,1,60,622,12
grouped_gemm/c-dsv4-flash-w13-ep8-t1024-zipf,prefill,legacy,labels,dsv4-flash,w13,8,,,,,,32,,,,128,4096,4096,,440.288,410.624,0.9326259175812196,,,0.9326259175812196,True,610be777-acc6-4750-b313-56b5accd16c1,67d58f3d-8eee-42e7-ad0b-cf4423df6e60,interleaved-v1,True,False,1,60,622,12
grouped_gemm/c-dsv4-flash-w13-ep8-t1024-hot,prefill,legacy,labels,dsv4-flash,w13,8,,,,,,32,,,,128,4096,4096,,430.048,403.456,0.9381650420418186,,,0.9381650420418186,True,610be777-acc6-4750-b313-56b5accd16c1,67d58f3d-8eee-42e7-ad0b-cf4423df6e60,interleaved-v1,True,False,1,60,622,12
grouped_gemm/c-dsv4-flash-w13-ep8-t1024-disjoint,prefill,legacy,labels,dsv4-flash,w13,8,,,,,,32,,,,128,4096,4096,,126.976,106.496,0.8387096774193548,,,0.8387096774193548,True,610be777-acc6-4750-b313-56b5accd16c1,67d58f3d-8eee-42e7-ad0b-cf4423df6e60,interleaved-v1,True,False,1,60,622,12
grouped_gemm/c-dsv4-flash-w13-ep8-t4096-balanced,prefill,legacy,labels,dsv4-flash,w13,8,,,,,,32,,,,128,4096,4096,,429.072,391.168,0.9116605138531528,,,0.9116605138531528,True,610be777-acc6-4750-b313-56b5accd16c1,67d58f3d-8eee-42e7-ad0b-cf4423df6e60,interleaved-v1,True,False,1,60,622,12
grouped_gemm/c-dsv4-flash-w13-ep8-t4096-zipf,prefill,legacy,labels,dsv4-flash,w13,8,,,,,,32,,,,128,4096,4096,,475.136,436.224,0.918103448275862,,,0.918103448275862,True,610be777-acc6-4750-b313-56b5accd16c1,67d58f3d-8eee-42e7-ad0b-cf4423df6e60,interleaved-v1,True,False,1,60,622,12
grouped_gemm/c-dsv4-flash-w13-ep8-t4096-hot,prefill,legacy,labels,dsv4-flash,w13,8,,,,,,32,,,,128,4096,4096,,454.64,404.496,0.8897061411226465,0.8918918918918919,0.8918918918918919,0.8918918918918919,True,610be777-acc6-4750-b313-56b5accd16c1,67d58f3d-8eee-42e7-ad0b-cf4423df6e60,interleaved-v1,True,True,3,860,622,12
grouped_gemm/c-dsv4-flash-w13-ep8-t4096-disjoint,prefill,legacy,labels,dsv4-flash,w13,8,,,,,,32,,,,128,4096,4096,,196.608,182.272,0.9270833333333333,,,0.9270833333333333,True,610be777-acc6-4750-b313-56b5accd16c1,67d58f3d-8eee-42e7-ad0b-cf4423df6e60,interleaved-v1,True,False,1,60,622,13
grouped_gemm/c-dsv4-flash-w13-ep8-t8192-balanced,prefill,legacy,labels,dsv4-flash,w13,8,,,,,,32,,,,128,4096,4096,,471.072,462.86400000000003,0.9825759119625026,,,0.9825759119625026,True,610be777-acc6-4750-b313-56b5accd16c1,67d58f3d-8eee-42e7-ad0b-cf4423df6e60,interleaved-v1,True,False,1,60,622,13
grouped_gemm/c-dsv4-flash-w13-ep8-t8192-zipf,prefill,legacy,labels,dsv4-flash,w13,8,,,,,,32,,,,128,4096,4096,,541.712,534.56,0.9867974126473107,0.9886792452830189,0.9886792452830189,0.9886792452830189,True,610be777-acc6-4750-b313-56b5accd16c1,67d58f3d-8eee-42e7-ad0b-cf4423df6e60,interleaved-v1,True,True,3,860,622,13
grouped_gemm/c-dsv4-flash-w13-ep8-t8192-hot,prefill,legacy,labels,dsv4-flash,w13,8,,,,,,32,,,,128,4096,4096,,587.776,544.768,0.9268292682926831,,,0.9268292682926831,True,610be777-acc6-4750-b313-56b5accd16c1,67d58f3d-8eee-42e7-ad0b-cf4423df6e60,interleaved-v1,True,False,1,60,622,13
grouped_gemm/c-dsv4-flash-w13-ep8-t8192-disjoint,prefill,legacy,labels,dsv4-flash,w13,8,,,,,,32,,,,128,4096,4096,,335.872,315.392,0.9390243902439024,,,0.9390243902439024,True,610be777-acc6-4750-b313-56b5accd16c1,67d58f3d-8eee-42e7-ad0b-cf4423df6e60,interleaved-v1,True,False,1,60,622,13
grouped_gemm/c-dsv4-flash-w2-ep1-t1024-balanced,prefill,legacy,labels,dsv4-flash,w2,1,,,,,,256,,,,128,4096,2048,,1851.408,1849.344,0.9988851727982163,0.9988938053097345,0.9988938053097345,0.9988938053097345,True,610be777-acc6-4750-b313-56b5accd16c1,67d58f3d-8eee-42e7-ad0b-cf4423df6e60,interleaved-v1,True,True,3,860,622,13
grouped_gemm/c-dsv4-flash-w2-ep1-t1024-zipf,prefill,legacy,labels,dsv4-flash,w2,1,,,,,,256,,,,128,4096,2048,,1897.472,1890.304,0.9962223421478684,0.9967602591792657,0.9973002159827213,0.9973002159827213,True,610be777-acc6-4750-b313-56b5accd16c1,67d58f3d-8eee-42e7-ad0b-cf4423df6e60,interleaved-v1,True,True,3,860,622,13
grouped_gemm/c-dsv4-flash-w2-ep1-t1024-hot,prefill,legacy,labels,dsv4-flash,w2,1,,,,,,256,,,,128,4096,2048,,1941.504,1916.928,0.9873417721518989,0.9878691983122363,0.9873484449130205,0.9878691983122363,True,610be777-acc6-4750-b313-56b5accd16c1,67d58f3d-8eee-42e7-ad0b-cf4423df6e60,interleaved-v1,True,True,3,860,622,13
grouped_gemm/c-dsv4-flash-w2-ep1-t1024-disjoint,prefill,legacy,labels,dsv4-flash,w2,1,,,,,,256,,,,128,4096,2048,,483.312,411.616,0.8516569007183765,0.8516850956763556,0.8516850956763556,0.8516850956763556,True,610be777-acc6-4750-b313-56b5accd16c1,67d58f3d-8eee-42e7-ad0b-cf4423df6e60,interleaved-v1,True,True,3,860,622,14
grouped_gemm/c-dsv4-flash-w2-ep1-t4096-balanced,prefill,legacy,labels,dsv4-flash,w2,1,,,,,,256,,,,128,4096,2048,,1778.672,1748.992,0.9833133933631383,0.9838709677419355,0.9838709677419355,0.9838709677419355,True,610be777-acc6-4750-b313-56b5accd16c1,67d58f3d-8eee-42e7-ad0b-cf4423df6e60,interleaved-v1,True,True,3,860,622,14
grouped_gemm/c-dsv4-flash-w2-ep1-t4096-zipf,prefill,legacy,labels,dsv4-flash,w2,1,,,,,,256,,,,128,4096,2048,,2093.072,2053.6319999999996,0.9811568832796959,0.981409001956947,0.9809367359413202,0.981409001956947,True,610be777-acc6-4750-b313-56b5accd16c1,67d58f3d-8eee-42e7-ad0b-cf4423df6e60,interleaved-v1,True,True,3,860,622,14
grouped_gemm/c-dsv4-flash-w2-ep1-t4096-hot,prefill,legacy,labels,dsv4-flash,w2,1,,,,,,256,,,,128,4096,2048,,2156.544,2119.68,0.9829059829059829,0.9829059829059829,0.9824394874228759,0.9829059829059829,True,610be777-acc6-4750-b313-56b5accd16c1,67d58f3d-8eee-42e7-ad0b-cf4423df6e60,interleaved-v1,True,True,3,860,622,14
grouped_gemm/c-dsv4-flash-w2-ep1-t4096-disjoint,prefill,legacy,labels,dsv4-flash,w2,1,,,,,,256,,,,128,4096,2048,,675.872,647.2,0.9575777662042518,0.9520980493053283,0.9546849185744631,0.9575777662042518,True,610be777-acc6-4750-b313-56b5accd16c1,67d58f3d-8eee-42e7-ad0b-cf4423df6e60,interleaved-v1,True,True,3,860,622,14
grouped_gemm/c-dsv4-flash-w2-ep1-t8192-balanced,prefill,legacy,labels,dsv4-flash,w2,1,,,,,,256,,,,128,4096,2048,,2076.656,2042.88,0.9837353899731107,0.9842442146725751,0.9842442146725751,0.9842442146725751,True,610be777-acc6-4750-b313-56b5accd16c1,67d58f3d-8eee-42e7-ad0b-cf4423df6e60,interleaved-v1,True,True,3,860,622,14
grouped_gemm/c-dsv4-flash-w2-ep1-t8192-zipf,prefill,legacy,labels,dsv4-flash,w2,1,,,,,,256,,,,128,4096,2048,,2479.616,2405.376,0.970059880239521,0.9714285714285713,0.9714518760195759,0.9714518760195759,True,610be777-acc6-4750-b313-56b5accd16c1,67d58f3d-8eee-42e7-ad0b-cf4423df6e60,interleaved-v1,True,True,3,860,622,14
grouped_gemm/c-dsv4-flash-w2-ep1-t8192-hot,prefill,legacy,labels,dsv4-flash,w2,1,,,,,,256,,,,128,4096,2048,,2465.2799999999997,2402.304,0.9744548286604363,0.9746992948983825,0.9747202652300042,0.9747202652300042,True,610be777-acc6-4750-b313-56b5accd16c1,67d58f3d-8eee-42e7-ad0b-cf4423df6e60,interleaved-v1,True,True,3,860,622,14
grouped_gemm/c-dsv4-flash-w2-ep1-t8192-disjoint,prefill,legacy,labels,dsv4-flash,w2,1,,,,,,256,,,,128,4096,2048,,1263.616,1206.272,0.9546191247974067,0.9545815391277153,0.9538472632869401,0.9546191247974067,True,610be777-acc6-4750-b313-56b5accd16c1,67d58f3d-8eee-42e7-ad0b-cf4423df6e60,interleaved-v1,True,True,3,860,622,15
grouped_gemm/c-dsv4-flash-w2-ep4-t1024-balanced,prefill,legacy,labels,dsv4-flash,w2,4,,,,,,64,,,,128,4096,2048,,448.512,419.808,0.936001712328767,,,0.936001712328767,True,610be777-acc6-4750-b313-56b5accd16c1,67d58f3d-8eee-42e7-ad0b-cf4423df6e60,interleaved-v1,True,False,1,60,622,15
grouped_gemm/c-dsv4-flash-w2-ep4-t1024-zipf,prefill,legacy,labels,dsv4-flash,w2,4,,,,,,64,,,,128,4096,2048,,454.656,425.984,0.9369369369369369,,,0.9369369369369369,True,610be777-acc6-4750-b313-56b5accd16c1,67d58f3d-8eee-42e7-ad0b-cf4423df6e60,interleaved-v1,True,False,1,60,622,15
grouped_gemm/c-dsv4-flash-w2-ep4-t1024-hot,prefill,legacy,labels,dsv4-flash,w2,4,,,,,,64,,,,128,4096,2048,,456.672,439.28,0.9619157732464437,0.9597084997547474,0.9597084997547474,0.9619157732464437,True,610be777-acc6-4750-b313-56b5accd16c1,67d58f3d-8eee-42e7-ad0b-cf4423df6e60,interleaved-v1,True,True,3,860,622,15
grouped_gemm/c-dsv4-flash-w2-ep4-t1024-disjoint,prefill,legacy,labels,dsv4-flash,w2,4,,,,,,64,,,,128,4096,2048,,120.832,106.496,0.8813559322033898,,,0.8813559322033898,True,610be777-acc6-4750-b313-56b5accd16c1,67d58f3d-8eee-42e7-ad0b-cf4423df6e60,interleaved-v1,True,False,1,60,622,15
grouped_gemm/c-dsv4-flash-w2-ep4-t4096-balanced,prefill,legacy,labels,dsv4-flash,w2,4,,,,,,64,,,,128,4096,2048,,442.336,411.648,0.930622874918614,,,0.930622874918614,True,610be777-acc6-4750-b313-56b5accd16c1,67d58f3d-8eee-42e7-ad0b-cf4423df6e60,interleaved-v1,True,False,1,60,622,15
grouped_gemm/c-dsv4-flash-w2-ep4-t4096-zipf,prefill,legacy,labels,dsv4-flash,w2,4,,,,,,64,,,,128,4096,2048,,497.632,460.8,0.9259854671725292,0.9259259259259259,0.9259854671725292,0.9259854671725292,True,610be777-acc6-4750-b313-56b5accd16c1,67d58f3d-8eee-42e7-ad0b-cf4423df6e60,interleaved-v1,True,True,3,860,622,15
grouped_gemm/c-dsv4-flash-w2-ep4-t4096-hot,prefill,legacy,labels,dsv4-flash,w2,4,,,,,,64,,,,128,4096,2048,,518.112,479.232,0.9249583101723181,,,0.9249583101723181,True,610be777-acc6-4750-b313-56b5accd16c1,67d58f3d-8eee-42e7-ad0b-cf4423df6e60,interleaved-v1,True,False,1,60,622,15
grouped_gemm/c-dsv4-flash-w2-ep4-t4096-disjoint,prefill,legacy,labels,dsv4-flash,w2,4,,,,,,64,,,,128,4096,2048,,196.64,182.304,0.9270951993490644,,,0.9270951993490644,True,ef07e51b-05ec-44b5-895b-16a46962d579,40de4940-aef6-48e6-bf9c-0894af222558,interleaved-v1,True,False,1,60,623,16
grouped_gemm/c-dsv4-flash-w2-ep4-t8192-balanced,prefill,legacy,labels,dsv4-flash,w2,4,,,,,,64,,,,128,4096,2048,,514.048,503.808,0.9800796812749004,,,0.9800796812749004,True,ef07e51b-05ec-44b5-895b-16a46962d579,40de4940-aef6-48e6-bf9c-0894af222558,interleaved-v1,True,False,1,60,623,16
grouped_gemm/c-dsv4-flash-w2-ep4-t8192-zipf,prefill,legacy,labels,dsv4-flash,w2,4,,,,,,64,,,,128,4096,2048,,587.744,559.104,0.9512713017912561,,,0.9512713017912561,True,ef07e51b-05ec-44b5-895b-16a46962d579,40de4940-aef6-48e6-bf9c-0894af222558,interleaved-v1,True,False,1,60,623,16
grouped_gemm/c-dsv4-flash-w2-ep4-t8192-hot,prefill,legacy,labels,dsv4-flash,w2,4,,,,,,64,,,,128,4096,2048,,626.656,587.744,0.9379053260481031,,,0.9379053260481031,True,ef07e51b-05ec-44b5-895b-16a46962d579,40de4940-aef6-48e6-bf9c-0894af222558,interleaved-v1,True,False,1,60,623,16
grouped_gemm/c-dsv4-flash-w2-ep4-t8192-disjoint,prefill,legacy,labels,dsv4-flash,w2,4,,,,,,64,,,,128,4096,2048,,350.24,329.744,0.9414801279122887,,,0.9414801279122887,True,ef07e51b-05ec-44b5-895b-16a46962d579,40de4940-aef6-48e6-bf9c-0894af222558,interleaved-v1,True,False,1,60,623,16
grouped_gemm/c-dsv4-flash-w2-ep8-t1024-balanced,prefill,legacy,labels,dsv4-flash,w2,8,,,,,,32,,,,128,4096,2048,,229.344,206.816,0.901772010604158,,,0.901772010604158,True,ef07e51b-05ec-44b5-895b-16a46962d579,40de4940-aef6-48e6-bf9c-0894af222558,interleaved-v1,True,False,1,60,623,16
grouped_gemm/c-dsv4-flash-w2-ep8-t1024-zipf,prefill,legacy,labels,dsv4-flash,w2,8,,,,,,32,,,,128,4096,2048,,229.344,210.912,0.9196316450397657,0.9196316450397657,0.9196316450397657,0.9196316450397657,True,ef07e51b-05ec-44b5-895b-16a46962d579,40de4940-aef6-48e6-bf9c-0894af222558,interleaved-v1,True,True,3,860,623,16
grouped_gemm/c-dsv4-flash-w2-ep8-t1024-hot,prefill,legacy,labels,dsv4-flash,w2,8,,,,,,32,,,,128,4096,2048,,231.424,210.928,0.9114352876106194,,,0.9114352876106194,True,ef07e51b-05ec-44b5-895b-16a46962d579,40de4940-aef6-48e6-bf9c-0894af222558,interleaved-v1,True,False,1,60,623,16
grouped_gemm/c-dsv4-flash-w2-ep8-t1024-disjoint,prefill,legacy,labels,dsv4-flash,w2,8,,,,,,32,,,,128,4096,2048,,71.68,60.400000000000006,0.8426339285714286,,,0.8426339285714286,True,ef07e51b-05ec-44b5-895b-16a46962d579,40de4940-aef6-48e6-bf9c-0894af222558,interleaved-v1,True,False,1,60,623,17
grouped_gemm/c-dsv4-flash-w2-ep8-t4096-balanced,prefill,legacy,labels,dsv4-flash,w2,8,,,,,,32,,,,128,4096,2048,,227.296,202.752,0.892017457412361,,,0.892017457412361,True,ef07e51b-05ec-44b5-895b-16a46962d579,40de4940-aef6-48e6-bf9c-0894af222558,interleaved-v1,True,False,1,60,623,17
grouped_gemm/c-dsv4-flash-w2-ep8-t4096-zipf,prefill,legacy,labels,dsv4-flash,w2,8,,,,,,32,,,,128,4096,2048,,243.712,225.28,0.9243697478991597,0.9275978990758593,0.923076923076923,0.9275978990758593,True,ef07e51b-05ec-44b5-895b-16a46962d579,40de4940-aef6-48e6-bf9c-0894af222558,interleaved-v1,True,True,3,860,623,17
grouped_gemm/c-dsv4-flash-w2-ep8-t4096-hot,prefill,legacy,labels,dsv4-flash,w2,8,,,,,,32,,,,128,4096,2048,,245.728,225.28,0.9167860398489386,0.9160866710439921,0.9160866710439921,0.9167860398489386,True,ef07e51b-05ec-44b5-895b-16a46962d579,40de4940-aef6-48e6-bf9c-0894af222558,interleaved-v1,True,True,3,860,623,17
grouped_gemm/c-dsv4-flash-w2-ep8-t4096-disjoint,prefill,legacy,labels,dsv4-flash,w2,8,,,,,,32,,,,128,4096,2048,,112.672,104.48,0.9272933825617723,,,0.9272933825617723,True,ef07e51b-05ec-44b5-895b-16a46962d579,40de4940-aef6-48e6-bf9c-0894af222558,interleaved-v1,True,False,1,60,623,17
grouped_gemm/c-dsv4-flash-w2-ep8-t8192-balanced,prefill,legacy,labels,dsv4-flash,w2,8,,,,,,32,,,,128,4096,2048,,258.048,251.904,0.9761904761904762,,,0.9761904761904762,True,ef07e51b-05ec-44b5-895b-16a46962d579,40de4940-aef6-48e6-bf9c-0894af222558,interleaved-v1,True,False,1,60,623,17
grouped_gemm/c-dsv4-flash-w2-ep8-t8192-zipf,prefill,legacy,labels,dsv4-flash,w2,8,,,,,,32,,,,128,4096,2048,,274.432,266.24,0.9701492537313433,,,0.9701492537313433,True,ef07e51b-05ec-44b5-895b-16a46962d579,40de4940-aef6-48e6-bf9c-0894af222558,interleaved-v1,True,False,1,60,623,17
grouped_gemm/c-dsv4-flash-w2-ep8-t8192-hot,prefill,legacy,labels,dsv4-flash,w2,8,,,,,,32,,,,128,4096,2048,,313.344,279.52,0.8920547385620915,,,0.8920547385620915,True,ef07e51b-05ec-44b5-895b-16a46962d579,40de4940-aef6-48e6-bf9c-0894af222558,interleaved-v1,True,False,1,60,623,17
grouped_gemm/c-dsv4-flash-w2-ep8-t8192-disjoint,prefill,legacy,labels,dsv4-flash,w2,8,,,,,,32,,,,128,4096,2048,,183.312,169.984,0.9272933577725407,,,0.9272933577725407,True,ef07e51b-05ec-44b5-895b-16a46962d579,40de4940-aef6-48e6-bf9c-0894af222558,interleaved-v1,True,False,1,60,623,18
grouped_gemm/c-glm-5.3-w13-ep1-t1024-balanced,prefill,legacy,labels,glm-5.3,w13,1,,,,,,256,,,,128,4096,6144,,5216.256,5108.736,0.9793875147232037,0.9786148714930352,0.978806907378336,0.9793875147232037,True,ef07e51b-05ec-44b5-895b-16a46962d579,40de4940-aef6-48e6-bf9c-0894af222558,interleaved-v1,True,True,3,860,623,18
grouped_gemm/c-glm-5.3-w13-ep1-t1024-zipf,prefill,legacy,labels,glm-5.3,w13,1,,,,,,256,,,,128,4096,6144,,5347.328,5268.992,0.9853504404442742,0.9848832759280521,0.9845005740528128,0.9853504404442742,True,ef07e51b-05ec-44b5-895b-16a46962d579,40de4940-aef6-48e6-bf9c-0894af222558,interleaved-v1,True,True,3,860,623,18
grouped_gemm/c-glm-5.3-w13-ep1-t1024-hot,prefill,legacy,labels,glm-5.3,w13,1,,,,,,256,,,,128,4096,6144,,5445.632,5391.871999999999,0.9901278676194057,0.9905962008651495,0.9904081248824524,0.9905962008651495,True,ef07e51b-05ec-44b5-895b-16a46962d579,40de4940-aef6-48e6-bf9c-0894af222558,interleaved-v1,True,True,3,860,623,18
grouped_gemm/c-glm-5.3-w13-ep1-t1024-disjoint,prefill,legacy,labels,glm-5.3,w13,1,,,,,,256,,,,128,4096,6144,,1417.216,1211.408,0.8547800758670521,0.8540462427745665,0.8540462427745665,0.8547800758670521,True,ef07e51b-05ec-44b5-895b-16a46962d579,40de4940-aef6-48e6-bf9c-0894af222558,interleaved-v1,True,True,3,860,623,18
grouped_gemm/c-glm-5.3-w13-ep1-t4096-balanced,prefill,legacy,labels,glm-5.3,w13,1,,,,,,256,,,,128,4096,6144,,5161.984,5014.528,0.9714342392382463,0.9722056779829265,0.9721091811414393,0.9722056779829265,True,ef07e51b-05ec-44b5-895b-16a46962d579,40de4940-aef6-48e6-bf9c-0894af222558,interleaved-v1,True,True,3,860,623,18
grouped_gemm/c-glm-5.3-w13-ep1-t4096-zipf,prefill,legacy,labels,glm-5.3,w13,1,,,,,,256,,,,128,4096,6144,,6236.16,6112.256,0.9801313628899837,0.9802222948676037,0.9815299117358613,0.9815299117358613,True,ef07e51b-05ec-44b5-895b-16a46962d579,40de4940-aef6-48e6-bf9c-0894af222558,interleaved-v1,True,True,3,860,623,18
grouped_gemm/c-glm-5.3-w13-ep1-t4096-hot,prefill,legacy,labels,glm-5.3,w13,1,,,,,,256,,,,128,4096,6144,,6472.192,6317.0560000000005,0.9760303773435647,0.9760403530895334,0.9760403530895334,0.9760403530895334,True,ef07e51b-05ec-44b5-895b-16a46962d579,40de4940-aef6-48e6-bf9c-0894af222558,interleaved-v1,True,True,3,860,623,18
grouped_gemm/c-glm-5.3-w13-ep1-t4096-disjoint,prefill,legacy,labels,glm-5.3,w13,1,,,,,,256,,,,128,4096,6144,,2582.032,2417.696,0.936354003358595,0.9275094333081008,0.9228517306698812,0.936354003358595,True,ef07e51b-05ec-44b5-895b-16a46962d579,40de4940-aef6-48e6-bf9c-0894af222558,interleaved-v1,True,True,3,860,623,19
grouped_gemm/c-glm-5.3-w13-ep1-t8192-balanced,prefill,legacy,labels,glm-5.3,w13,1,,,,,,256,,,,128,4096,6144,,5937.664,5889.536,0.9918944554626197,0.9886353926343673,0.9925774251343742,0.9925774251343742,True,ef07e51b-05ec-44b5-895b-16a46962d579,40de4940-aef6-48e6-bf9c-0894af222558,interleaved-v1,True,True,3,860,623,19
grouped_gemm/c-glm-5.3-w13-ep1-t8192-zipf,prefill,legacy,labels,glm-5.3,w13,1,,,,,,256,,,,128,4096,6144,,8020.992,7787.52,0.9708923783990808,0.9700374531835205,0.9693935745516762,0.9708923783990808,True,ef07e51b-05ec-44b5-895b-16a46962d579,40de4940-aef6-48e6-bf9c-0894af222558,interleaved-v1,True,True,3,860,623,19
grouped_gemm/c-glm-5.3-w13-ep1-t8192-hot,prefill,legacy,labels,glm-5.3,w13,1,,,,,,256,,,,128,4096,6144,,7826.928,7662.08,0.9789383523139602,0.9794978078269299,0.9803763609535124,0.9803763609535124,True,ef07e51b-05ec-44b5-895b-16a46962d579,40de4940-aef6-48e6-bf9c-0894af222558,interleaved-v1,True,True,3,860,623,19
grouped_gemm/c-glm-5.3-w13-ep1-t8192-disjoint,prefill,legacy,labels,glm-5.3,w13,1,,,,,,256,,,,128,4096,6144,,5331.456,5076.48,0.9521751656583116,0.9485503126776577,0.9474976392823419,0.9521751656583116,True,ef07e51b-05ec-44b5-895b-16a46962d579,40de4940-aef6-48e6-bf9c-0894af222558,interleaved-v1,True,True,3,860,623,19
grouped_gemm/c-glm-5.3-w13-ep4-t1024-balanced,prefill,legacy,labels,glm-5.3,w13,4,,,,,,64,,,,128,4096,6144,,1296.352,1216.512,0.9384117893905358,,,0.9384117893905358,True,ef07e51b-05ec-44b5-895b-16a46962d579,40de4940-aef6-48e6-bf9c-0894af222558,interleaved-v1,True,False,1,60,623,19
grouped_gemm/c-glm-5.3-w13-ep4-t1024-zipf,prefill,legacy,labels,glm-5.3,w13,4,,,,,,64,,,,128,4096,6144,,1343.472,1300.448,0.9679755141900985,,,0.9679755141900985,True,ef07e51b-05ec-44b5-895b-16a46962d579,40de4940-aef6-48e6-bf9c-0894af222558,interleaved-v1,True,False,1,60,623,19
grouped_gemm/c-glm-5.3-w13-ep4-t1024-hot,prefill,legacy,labels,glm-5.3,w13,4,,,,,,64,,,,128,4096,6144,,1331.2,1269.7440000000001,0.9538341346153847,,,0.9538341346153847,True,ef07e51b-05ec-44b5-895b-16a46962d579,40de4940-aef6-48e6-bf9c-0894af222558,interleaved-v1,True,False,1,60,623,19
grouped_gemm/c-glm-5.3-w13-ep4-t1024-disjoint,prefill,legacy,labels,glm-5.3,w13,4,,,,,,64,,,,128,4096,6144,,365.568,309.248,0.84593837535014,,,0.84593837535014,True,ef07e51b-05ec-44b5-895b-16a46962d579,40de4940-aef6-48e6-bf9c-0894af222558,interleaved-v1,True,False,1,60,623,20
grouped_gemm/c-glm-5.3-w13-ep4-t4096-balanced,prefill,legacy,labels,glm-5.3,w13,4,,,,,,64,,,,128,4096,6144,,1283.0720000000001,1206.272,0.940143655227454,,,0.940143655227454,True,ef07e51b-05ec-44b5-895b-16a46962d579,40de4940-aef6-48e6-bf9c-0894af222558,interleaved-v1,True,False,1,60,623,20
grouped_gemm/c-glm-5.3-w13-ep4-t4096-zipf,prefill,legacy,labels,glm-5.3,w13,4,,,,,,64,,,,128,4096,6144,,1501.184,1437.6799999999998,0.9576973908594815,,,0.9576973908594815,True,ef07e51b-05ec-44b5-895b-16a46962d579,40de4940-aef6-48e6-bf9c-0894af222558,interleaved-v1,True,False,1,60,623,20
grouped_gemm/c-glm-5.3-w13-ep4-t4096-hot,prefill,legacy,labels,glm-5.3,w13,4,,,,,,64,,,,128,4096,6144,,1562.624,1476.608,0.944954128440367,,,0.944954128440367,True,ef07e51b-05ec-44b5-895b-16a46962d579,40de4940-aef6-48e6-bf9c-0894af222558,interleaved-v1,True,False,1,60,623,20
grouped_gemm/c-glm-5.3-w13-ep4-t4096-disjoint,prefill,legacy,labels,glm-5.3,w13,4,,,,,,64,,,,128,4096,6144,,626.688,581.632,0.9281045751633986,,,0.9281045751633986,True,ef07e51b-05ec-44b5-895b-16a46962d579,40de4940-aef6-48e6-bf9c-0894af222558,interleaved-v1,True,False,1,60,623,20
grouped_gemm/c-glm-5.3-w13-ep4-t8192-balanced,prefill,legacy,labels,glm-5.3,w13,4,,,,,,64,,,,128,4096,6144,,1454.08,1432.576,0.9852112676056338,,,0.9852112676056338,True,ef07e51b-05ec-44b5-895b-16a46962d579,40de4940-aef6-48e6-bf9c-0894af222558,interleaved-v1,True,False,1,60,623,20
grouped_gemm/c-glm-5.3-w13-ep4-t8192-zipf,prefill,legacy,labels,glm-5.3,w13,4,,,,,,64,,,,128,4096,6144,,1884.128,1836.0320000000002,0.9744730718932049,,,0.9744730718932049,True,ef07e51b-05ec-44b5-895b-16a46962d579,40de4940-aef6-48e6-bf9c-0894af222558,interleaved-v1,True,False,1,60,623,20
grouped_gemm/c-glm-5.3-w13-ep4-t8192-hot,prefill,legacy,labels,glm-5.3,w13,4,,,,,,64,,,,128,4096,6144,,1894.4,1794.048,0.947027027027027,,,0.947027027027027,True,ef07e51b-05ec-44b5-895b-16a46962d579,40de4940-aef6-48e6-bf9c-0894af222558,interleaved-v1,True,False,1,60,623,20
grouped_gemm/c-glm-5.3-w13-ep4-t8192-disjoint,prefill,legacy,labels,glm-5.3,w13,4,,,,,,64,,,,128,4096,6144,,1193.984,1126.432,0.9434230274442539,0.9461677669309001,0.9463428266558269,0.9463428266558269,True,ef07e51b-05ec-44b5-895b-16a46962d579,40de4940-aef6-48e6-bf9c-0894af222558,interleaved-v1,True,True,3,860,623,21
grouped_gemm/c-glm-5.3-w13-ep8-t1024-balanced,prefill,legacy,labels,glm-5.3,w13,8,,,,,,32,,,,128,4096,6144,,663.552,593.92,0.8950617283950616,,,0.8950617283950616,True,ef07e51b-05ec-44b5-895b-16a46962d579,40de4940-aef6-48e6-bf9c-0894af222558,interleaved-v1,True,False,1,60,623,21
grouped_gemm/c-glm-5.3-w13-ep8-t1024-zipf,prefill,legacy,labels,glm-5.3,w13,8,,,,,,32,,,,128,4096,6144,,686.08,620.544,0.9044776119402984,,,0.9044776119402984,True,ef07e51b-05ec-44b5-895b-16a46962d579,40de4940-aef6-48e6-bf9c-0894af222558,interleaved-v1,True,False,1,60,623,21
grouped_gemm/c-glm-5.3-w13-ep8-t1024-hot,prefill,legacy,labels,glm-5.3,w13,8,,,,,,32,,,,128,4096,6144,,690.176,630.784,0.9139465875370919,,,0.9139465875370919,True,ef07e51b-05ec-44b5-895b-16a46962d579,40de4940-aef6-48e6-bf9c-0894af222558,interleaved-v1,True,False,1,60,623,21
grouped_gemm/c-glm-5.3-w13-ep8-t1024-disjoint,prefill,legacy,labels,glm-5.3,w13,8,,,,,,32,,,,128,4096,6144,,196.608,159.744,0.8125,,,0.8125,True,ef07e51b-05ec-44b5-895b-16a46962d579,40de4940-aef6-48e6-bf9c-0894af222558,interleaved-v1,True,False,1,60,623,21
grouped_gemm/c-glm-5.3-w13-ep8-t4096-balanced,prefill,legacy,labels,glm-5.3,w13,8,,,,,,32,,,,128,4096,6144,,659.456,589.824,0.8944099378881987,,,0.8944099378881987,True,ef07e51b-05ec-44b5-895b-16a46962d579,40de4940-aef6-48e6-bf9c-0894af222558,interleaved-v1,True,False,1,60,623,21
grouped_gemm/c-glm-5.3-w13-ep8-t4096-zipf,prefill,legacy,labels,glm-5.3,w13,8,,,,,,32,,,,128,4096,6144,,732.144,686.08,0.937083415284425,0.9383753501400561,0.9378273393854749,0.9383753501400561,True,ef07e51b-05ec-44b5-895b-16a46962d579,40de4940-aef6-48e6-bf9c-0894af222558,interleaved-v1,True,True,3,860,623,21
grouped_gemm/c-glm-5.3-w13-ep8-t4096-hot,prefill,legacy,labels,glm-5.3,w13,8,,,,,,32,,,,128,4096,6144,,737.28,673.792,0.913888888888889,,,0.913888888888889,True,ef07e51b-05ec-44b5-895b-16a46962d579,40de4940-aef6-48e6-bf9c-0894af222558,interleaved-v1,True,False,1,60,623,21
grouped_gemm/c-glm-5.3-w13-ep8-t4096-disjoint,prefill,legacy,labels,glm-5.3,w13,8,,,,,,32,,,,128,4096,6144,,339.968,313.344,0.9216867469879517,,,0.9216867469879517,True,ef07e51b-05ec-44b5-895b-16a46962d579,40de4940-aef6-48e6-bf9c-0894af222558,interleaved-v1,True,False,1,60,623,22
grouped_gemm/c-glm-5.3-w13-ep8-t8192-balanced,prefill,legacy,labels,glm-5.3,w13,8,,,,,,32,,,,128,4096,6144,,731.136,716.8,0.9803921568627451,,,0.9803921568627451,True,ef07e51b-05ec-44b5-895b-16a46962d579,40de4940-aef6-48e6-bf9c-0894af222558,interleaved-v1,True,False,1,60,623,22
grouped_gemm/c-glm-5.3-w13-ep8-t8192-zipf,prefill,legacy,labels,glm-5.3,w13,8,,,,,,32,,,,128,4096,6144,,913.392,875.5039999999999,0.9585194527650777,,,0.9585194527650777,True,ef07e51b-05ec-44b5-895b-16a46962d579,40de4940-aef6-48e6-bf9c-0894af222558,interleaved-v1,True,False,1,60,623,22
grouped_gemm/c-glm-5.3-w13-ep8-t8192-hot,prefill,legacy,labels,glm-5.3,w13,8,,,,,,32,,,,128,4096,6144,,925.696,878.592,0.9491150442477876,,,0.9491150442477876,True,ef07e51b-05ec-44b5-895b-16a46962d579,40de4940-aef6-48e6-bf9c-0894af222558,interleaved-v1,True,False,1,60,623,22
grouped_gemm/c-glm-5.3-w13-ep8-t8192-disjoint,prefill,legacy,labels,glm-5.3,w13,8,,,,,,32,,,,128,4096,6144,,600.064,565.248,0.9419795221843005,,,0.9419795221843005,True,ef07e51b-05ec-44b5-895b-16a46962d579,40de4940-aef6-48e6-bf9c-0894af222558,interleaved-v1,True,False,1,60,623,22
grouped_gemm/c-glm-5.3-w2-ep1-t1024-balanced,prefill,legacy,labels,glm-5.3,w2,1,,,,,,256,,,,128,6144,2048,,2776.576,2758.656,0.9935460077447906,0.9940959409594096,0.9937269372693728,0.9940959409594096,True,ef07e51b-05ec-44b5-895b-16a46962d579,40de4940-aef6-48e6-bf9c-0894af222558,interleaved-v1,True,True,3,860,623,22
grouped_gemm/c-glm-5.3-w2-ep1-t1024-zipf,prefill,legacy,labels,glm-5.3,w2,1,,,,,,256,,,,128,6144,2048,,2902.016,2859.008,0.9851799576570218,0.9858806918460995,0.9858806918460995,0.9858806918460995,True,ef07e51b-05ec-44b5-895b-16a46962d579,40de4940-aef6-48e6-bf9c-0894af222558,interleaved-v1,True,True,3,860,623,22
grouped_gemm/c-glm-5.3-w2-ep1-t1024-hot,prefill,legacy,labels,glm-5.3,w2,1,,,,,,256,,,,128,6144,2048,,2946.544,2918.9120000000003,0.9906222340477523,0.9899235580264073,0.9899235580264073,0.9906222340477523,True,ef07e51b-05ec-44b5-895b-16a46962d579,40de4940-aef6-48e6-bf9c-0894af222558,interleaved-v1,True,True,3,860,623,22
grouped_gemm/c-glm-5.3-w2-ep1-t1024-disjoint,prefill,legacy,labels,glm-5.3,w2,1,,,,,,256,,,,128,6144,2048,,722.944,638.976,0.8838526912181304,0.8810198300283286,0.8810198300283286,0.8838526912181304,True,ef07e51b-05ec-44b5-895b-16a46962d579,40de4940-aef6-48e6-bf9c-0894af222558,interleaved-v1,True,True,3,860,623,23
grouped_gemm/c-glm-5.3-w2-ep1-t4096-balanced,prefill,legacy,labels,glm-5.3,w2,1,,,,,,256,,,,128,6144,2048,,2634.752,2614.7839999999997,0.9924212980956081,0.9910679611650485,0.9914529914529915,0.9924212980956081,True,ef07e51b-05ec-44b5-895b-16a46962d579,40de4940-aef6-48e6-bf9c-0894af222558,interleaved-v1,True,True,3,860,623,23
grouped_gemm/c-glm-5.3-w2-ep1-t4096-zipf,prefill,legacy,labels,glm-5.3,w2,1,,,,,,256,,,,128,6144,2048,,3314.1760000000004,3241.4719999999998,0.9780627220763168,0.976965601965602,0.9766656432299662,0.9780627220763168,True,ef07e51b-05ec-44b5-895b-16a46962d579,40de4940-aef6-48e6-bf9c-0894af222558,interleaved-v1,True,True,3,860,623,23
grouped_gemm/c-glm-5.3-w2-ep1-t4096-hot,prefill,legacy,labels,glm-5.3,w2,1,,,,,,256,,,,128,6144,2048,,3366.3999999999996,3319.808,0.9861596958174906,0.9866180048661801,0.9863180297962907,0.9866180048661801,True,ef07e51b-05ec-44b5-895b-16a46962d579,40de4940-aef6-48e6-bf9c-0894af222558,interleaved-v1,True,True,3,860,623,23
grouped_gemm/c-glm-5.3-w2-ep1-t4096-disjoint,prefill,legacy,labels,glm-5.3,w2,1,,,,,,256,,,,128,6144,2048,,1301.536,1233.92,0.9480490743244905,0.9580159698092368,0.9493305390615904,0.9580159698092368,True,ef07e51b-05ec-44b5-895b-16a46962d579,40de4940-aef6-48e6-bf9c-0894af222558,interleaved-v1,True,True,3,860,623,23
grouped_gemm/c-glm-5.3-w2-ep1-t8192-balanced,prefill,legacy,labels,glm-5.3,w2,1,,,,,,256,,,,128,6144,2048,,3021.824,3015.68,0.9979667909183327,0.9962925513987192,0.9959677419354839,0.9979667909183327,True,ef07e51b-05ec-44b5-895b-16a46962d579,40de4940-aef6-48e6-bf9c-0894af222558,interleaved-v1,True,True,3,860,623,23
grouped_gemm/c-glm-5.3-w2-ep1-t8192-zipf,prefill,legacy,labels,glm-5.3,w2,1,,,,,,256,,,,128,6144,2048,,4163.584000000001,4060.672,0.9752828332513526,0.9746155723700267,0.9741526456961717,0.9752828332513526,True,ef07e51b-05ec-44b5-895b-16a46962d579,40de4940-aef6-48e6-bf9c-0894af222558,interleaved-v1,True,True,3,860,623,23
grouped_gemm/c-glm-5.3-w2-ep1-t8192-hot,prefill,legacy,labels,glm-5.3,w2,1,,,,,,256,,,,128,6144,2048,,4055.04,3969.024,0.9787878787878788,0.9803774528183976,0.979920179595909,0.9803774528183976,True,ef07e51b-05ec-44b5-895b-16a46962d579,40de4940-aef6-48e6-bf9c-0894af222558,interleaved-v1,True,True,3,860,623,23
grouped_gemm/c-glm-5.3-w2-ep1-t8192-disjoint,prefill,legacy,labels,glm-5.3,w2,1,,,,,,256,,,,128,6144,2048,,2564.096,2475.008,0.965255591054313,0.9630606860158312,0.9637599093997735,0.965255591054313,True,ef07e51b-05ec-44b5-895b-16a46962d579,40de4940-aef6-48e6-bf9c-0894af222558,interleaved-v1,True,True,3,860,623,24
grouped_gemm/c-glm-5.3-w2-ep4-t1024-balanced,prefill,legacy,labels,glm-5.3,w2,4,,,,,,64,,,,128,6144,2048,,674.8,643.04,0.9529342027267339,,,0.9529342027267339,True,ef07e51b-05ec-44b5-895b-16a46962d579,40de4940-aef6-48e6-bf9c-0894af222558,interleaved-v1,True,False,1,60,623,24
grouped_gemm/c-glm-5.3-w2-ep4-t1024-zipf,prefill,legacy,labels,glm-5.3,w2,4,,,,,,64,,,,128,6144,2048,,679.936,665.6,0.9789156626506024,0.9760217727933931,0.9760217727933931,0.9789156626506024,True,ef07e51b-05ec-44b5-895b-16a46962d579,40de4940-aef6-48e6-bf9c-0894af222558,interleaved-v1,True,True,3,860,623,24
grouped_gemm/c-glm-5.3-w2-ep4-t1024-hot,prefill,legacy,labels,glm-5.3,w2,4,,,,,,64,,,,128,6144,2048,,692.224,659.456,0.9526627218934911,,,0.9526627218934911,True,ef07e51b-05ec-44b5-895b-16a46962d579,40de4940-aef6-48e6-bf9c-0894af222558,interleaved-v1,True,False,1,60,623,24
grouped_gemm/c-glm-5.3-w2-ep4-t1024-disjoint,prefill,legacy,labels,glm-5.3,w2,4,,,,,,64,,,,128,6144,2048,,184.32,157.696,0.8555555555555556,0.8555555555555556,0.8651685393258427,0.8651685393258427,True,ef07e51b-05ec-44b5-895b-16a46962d579,40de4940-aef6-48e6-bf9c-0894af222558,interleaved-v1,True,True,3,860,623,24
grouped_gemm/c-glm-5.3-w2-ep4-t4096-balanced,prefill,legacy,labels,glm-5.3,w2,4,,,,,,64,,,,128,6144,2048,,661.504,629.248,0.9512383900928792,,,0.9512383900928792,True,ef07e51b-05ec-44b5-895b-16a46962d579,40de4940-aef6-48e6-bf9c-0894af222558,interleaved-v1,True,False,1,60,623,24
grouped_gemm/c-glm-5.3-w2-ep4-t4096-zipf,prefill,legacy,labels,glm-5.3,w2,4,,,,,,64,,,,128,6144,2048,,774.144,739.328,0.955026455026455,,,0.955026455026455,True,ef07e51b-05ec-44b5-895b-16a46962d579,40de4940-aef6-48e6-bf9c-0894af222558,interleaved-v1,True,False,1,60,623,24
grouped_gemm/c-glm-5.3-w2-ep4-t4096-hot,prefill,legacy,labels,glm-5.3,w2,4,,,,,,64,,,,128,6144,2048,,819.2,764.4159999999999,0.9331249999999999,,,0.9331249999999999,True,ef07e51b-05ec-44b5-895b-16a46962d579,40de4940-aef6-48e6-bf9c-0894af222558,interleaved-v1,True,False,1,60,623,24
grouped_gemm/c-glm-5.3-w2-ep4-t4096-disjoint,prefill,legacy,labels,glm-5.3,w2,4,,,,,,64,,,,128,6144,2048,,338.96000000000004,319.52,0.9426481000708047,,,0.9426481000708047,True,ef07e51b-05ec-44b5-895b-16a46962d579,40de4940-aef6-48e6-bf9c-0894af222558,interleaved-v1,True,False,1,60,623,25
grouped_gemm/c-glm-5.3-w2-ep4-t8192-balanced,prefill,legacy,labels,glm-5.3,w2,4,,,,,,64,,,,128,6144,2048,,755.712,749.568,0.991869918699187,0.9891891891891892,0.991869918699187,0.991869918699187,True,ef07e51b-05ec-44b5-895b-16a46962d579,40de4940-aef6-48e6-bf9c-0894af222558,interleaved-v1,True,True,3,860,623,25
grouped_gemm/c-glm-5.3-w2-ep4-t8192-zipf,prefill,legacy,labels,glm-5.3,w2,4,,,,,,64,,,,128,6144,2048,,972.784,915.456,0.9410681096728565,,,0.9410681096728565,True,ef07e51b-05ec-44b5-895b-16a46962d579,40de4940-aef6-48e6-bf9c-0894af222558,interleaved-v1,True,False,1,60,623,25
grouped_gemm/c-glm-5.3-w2-ep4-t8192-hot,prefill,legacy,labels,glm-5.3,w2,4,,,,,,64,,,,128,6144,2048,,1003.488,955.376,0.9520552313530405,,,0.9520552313530405,True,ef07e51b-05ec-44b5-895b-16a46962d579,40de4940-aef6-48e6-bf9c-0894af222558,interleaved-v1,True,False,1,60,623,25
grouped_gemm/c-glm-5.3-w2-ep4-t8192-disjoint,prefill,legacy,labels,glm-5.3,w2,4,,,,,,64,,,,128,6144,2048,,628.736,600.096,0.9544482899022801,,,0.9544482899022801,True,ef07e51b-05ec-44b5-895b-16a46962d579,40de4940-aef6-48e6-bf9c-0894af222558,interleaved-v1,True,False,1,60,623,25
grouped_gemm/c-glm-5.3-w2-ep8-t1024-balanced,prefill,legacy,labels,glm-5.3,w2,8,,,,,,32,,,,128,6144,2048,,346.112,313.344,0.9053254437869822,,,0.9053254437869822,True,ef07e51b-05ec-44b5-895b-16a46962d579,40de4940-aef6-48e6-bf9c-0894af222558,interleaved-v1,True,False,1,60,623,25
grouped_gemm/c-glm-5.3-w2-ep8-t1024-zipf,prefill,legacy,labels,glm-5.3,w2,8,,,,,,32,,,,128,6144,2048,,339.936,311.264,0.9156547114751012,,,0.9156547114751012,True,ef07e51b-05ec-44b5-895b-16a46962d579,40de4940-aef6-48e6-bf9c-0894af222558,interleaved-v1,True,False,1,60,623,25
grouped_gemm/c-glm-5.3-w2-ep8-t1024-hot,prefill,legacy,labels,glm-5.3,w2,8,,,,,,32,,,,128,6144,2048,,353.264,319.488,0.9043887857239911,,,0.9043887857239911,True,ef07e51b-05ec-44b5-895b-16a46962d579,40de4940-aef6-48e6-bf9c-0894af222558,interleaved-v1,True,False,1,60,623,25
grouped_gemm/c-glm-5.3-w2-ep8-t1024-disjoint,prefill,legacy,labels,glm-5.3,w2,8,,,,,,32,,,,128,6144,2048,,100.352,88.064,0.8775510204081631,,,0.8775510204081631,True,ef07e51b-05ec-44b5-895b-16a46962d579,40de4940-aef6-48e6-bf9c-0894af222558,interleaved-v1,True,False,1,60,623,26
grouped_gemm/c-glm-5.3-w2-ep8-t4096-balanced,prefill,legacy,labels,glm-5.3,w2,8,,,,,,32,,,,128,6144,2048,,337.93600000000004,307.2,0.9090478670517493,,,0.9090478670517493,True,ef07e51b-05ec-44b5-895b-16a46962d579,40de4940-aef6-48e6-bf9c-0894af222558,interleaved-v1,True,False,1,60,623,26
grouped_gemm/c-glm-5.3-w2-ep8-t4096-zipf,prefill,legacy,labels,glm-5.3,w2,8,,,,,,32,,,,128,6144,2048,,376.81600000000003,354.304,0.9402573139144833,0.9402972399150742,0.9402173913043478,0.9402972399150742,True,ef07e51b-05ec-44b5-895b-16a46962d579,40de4940-aef6-48e6-bf9c-0894af222558,interleaved-v1,True,True,3,860,623,26
grouped_gemm/c-glm-5.3-w2-ep8-t4096-hot,prefill,legacy,labels,glm-5.3,w2,8,,,,,,32,,,,128,6144,2048,,368.64,348.20799999999997,0.9445746527777777,0.9499175418800452,0.9447513812154698,0.9499175418800452,True,ef07e51b-05ec-44b5-895b-16a46962d579,40de4940-aef6-48e6-bf9c-0894af222558,interleaved-v1,True,True,3,860,623,26
grouped_gemm/c-glm-5.3-w2-ep8-t4096-disjoint,prefill,legacy,labels,glm-5.3,w2,8,,,,,,32,,,,128,6144,2048,,180.256,170.016,0.9431919048464406,,,0.9431919048464406,True,ef07e51b-05ec-44b5-895b-16a46962d579,40de4940-aef6-48e6-bf9c-0894af222558,interleaved-v1,True,False,1,60,623,26
grouped_gemm/c-glm-5.3-w2-ep8-t8192-balanced,prefill,legacy,labels,glm-5.3,w2,8,,,,,,32,,,,128,6144,2048,,385.024,380.928,0.9893617021276596,,,0.9893617021276596,True,ef07e51b-05ec-44b5-895b-16a46962d579,40de4940-aef6-48e6-bf9c-0894af222558,interleaved-v1,True,False,1,60,623,26
grouped_gemm/c-glm-5.3-w2-ep8-t8192-zipf,prefill,legacy,labels,glm-5.3,w2,8,,,,,,32,,,,128,6144,2048,,440.32,428.032,0.9720930232558139,,,0.9720930232558139,True,ef07e51b-05ec-44b5-895b-16a46962d579,40de4940-aef6-48e6-bf9c-0894af222558,interleaved-v1,True,False,1,60,623,26
grouped_gemm/c-glm-5.3-w2-ep8-t8192-hot,prefill,legacy,labels,glm-5.3,w2,8,,,,,,32,,,,128,6144,2048,,481.28,454.656,0.9446808510638298,,,0.9446808510638298,True,ef07e51b-05ec-44b5-895b-16a46962d579,40de4940-aef6-48e6-bf9c-0894af222558,interleaved-v1,True,False,1,60,623,26
grouped_gemm/c-glm-5.3-w2-ep8-t8192-disjoint,prefill,legacy,labels,glm-5.3,w2,8,,,,,,32,,,,128,6144,2048,,325.632,309.248,0.949685534591195,,,0.949685534591195,True,ef07e51b-05ec-44b5-895b-16a46962d579,40de4940-aef6-48e6-bf9c-0894af222558,interleaved-v1,True,False,1,60,623,27
grouped_gemm/c-glm-5.3-flash-w13-ep1-t1024-balanced,prefill,legacy,labels,glm-5.3-flash,w13,1,,,,,,288,,,,128,4096,4096,,3957.76,3866.112,0.9768434670116429,0.9769668737060041,0.9764553686934023,0.9769668737060041,True,ef07e51b-05ec-44b5-895b-16a46962d579,40de4940-aef6-48e6-bf9c-0894af222558,interleaved-v1,True,True,3,860,623,27
grouped_gemm/c-glm-5.3-flash-w13-ep1-t1024-zipf,prefill,legacy,labels,glm-5.3-flash,w13,1,,,,,,288,,,,128,4096,4096,,4064.256,3997.696,0.9836230788611741,0.9831191735953642,0.982867220962459,0.9836230788611741,True,ef07e51b-05ec-44b5-895b-16a46962d579,40de4940-aef6-48e6-bf9c-0894af222558,interleaved-v1,True,True,3,860,623,27
grouped_gemm/c-glm-5.3-flash-w13-ep1-t1024-hot,prefill,legacy,labels,glm-5.3-flash,w13,1,,,,,,288,,,,128,4096,4096,,4103.168,3997.696,0.9742949837783879,0.9742949837783879,0.9742949837783879,0.9742949837783879,True,ef07e51b-05ec-44b5-895b-16a46962d579,40de4940-aef6-48e6-bf9c-0894af222558,interleaved-v1,True,True,3,860,623,27
grouped_gemm/c-glm-5.3-flash-w13-ep1-t1024-disjoint,prefill,legacy,labels,glm-5.3-flash,w13,1,,,,,,288,,,,128,4096,4096,,1067.008,913.408,0.8560460652591171,0.8560460652591171,0.8560460652591171,0.8560460652591171,True,ef07e51b-05ec-44b5-895b-16a46962d579,40de4940-aef6-48e6-bf9c-0894af222558,interleaved-v1,True,True,3,860,623,27
grouped_gemm/c-glm-5.3-flash-w13-ep1-t4096-balanced,prefill,legacy,labels,glm-5.3-flash,w13,1,,,,,,288,,,,128,4096,4096,,3875.84,3753.456,0.9684238771466315,0.9687995638382236,0.9688158275164181,0.9688158275164181,True,ef07e51b-05ec-44b5-895b-16a46962d579,40de4940-aef6-48e6-bf9c-0894af222558,interleaved-v1,True,True,3,860,623,27
grouped_gemm/c-glm-5.3-flash-w13-ep1-t4096-zipf,prefill,legacy,labels,glm-5.3-flash,w13,1,,,,,,288,,,,128,4096,4096,,4632.576,4490.24,0.9692749778956675,0.969863616366036,0.969010989010989,0.969863616366036,True,ef07e51b-05ec-44b5-895b-16a46962d579,40de4940-aef6-48e6-bf9c-0894af222558,interleaved-v1,True,True,3,860,623,27
grouped_gemm/c-glm-5.3-flash-w13-ep1-t4096-hot,prefill,legacy,labels,glm-5.3-flash,w13,1,,,,,,288,,,,128,4096,4096,,4789.76,4669.44,0.974879743452699,0.9743972690420312,0.9746160409556315,0.974879743452699,True,ef07e51b-05ec-44b5-895b-16a46962d579,40de4940-aef6-48e6-bf9c-0894af222558,interleaved-v1,True,True,3,860,623,27
grouped_gemm/c-glm-5.3-flash-w13-ep1-t4096-disjoint,prefill,legacy,labels,glm-5.3-flash,w13,1,,,,,,288,,,,128,4096,4096,,1925.12,1777.664,0.9234042553191489,0.9302991180450777,0.9308207289858668,0.9308207289858668,True,ef07e51b-05ec-44b5-895b-16a46962d579,40de4940-aef6-48e6-bf9c-0894af222558,interleaved-v1,True,True,3,860,623,28
grouped_gemm/c-glm-5.3-flash-w13-ep1-t8192-balanced,prefill,legacy,labels,glm-5.3-flash,w13,1,,,,,,288,,,,128,4096,4096,,4317.168,4253.664000000001,0.9852903570118191,0.9827606426644775,0.9822164873084571,0.9852903570118191,True,ef07e51b-05ec-44b5-895b-16a46962d579,40de4940-aef6-48e6-bf9c-0894af222558,interleaved-v1,True,True,3,860,623,28
grouped_gemm/c-glm-5.3-flash-w13-ep1-t8192-zipf,prefill,legacy,labels,glm-5.3-flash,w13,1,,,,,,288,,,,128,4096,4096,,5754.368,5607.424,0.9744639202776046,0.9758565595597373,0.9769176136363636,0.9769176136363636,True,ef07e51b-05ec-44b5-895b-16a46962d579,40de4940-aef6-48e6-bf9c-0894af222558,interleaved-v1,True,True,3,860,623,28
grouped_gemm/c-glm-5.3-flash-w13-ep1-t8192-hot,prefill,legacy,labels,glm-5.3-flash,w13,1,,,,,,288,,,,128,4096,4096,,5666.784,5493.776,0.9694698086251391,0.9707675753228122,0.970988777252246,0.970988777252246,True,ef07e51b-05ec-44b5-895b-16a46962d579,40de4940-aef6-48e6-bf9c-0894af222558,interleaved-v1,True,True,3,860,623,28
grouped_gemm/c-glm-5.3-flash-w13-ep1-t8192-disjoint,prefill,legacy,labels,glm-5.3-flash,w13,1,,,,,,288,,,,128,4096,4096,,3944.96,3770.3360000000002,0.955734912394549,0.9492548560932245,0.9480104127928599,0.955734912394549,True,ef07e51b-05ec-44b5-895b-16a46962d579,40de4940-aef6-48e6-bf9c-0894af222558,interleaved-v1,True,True,3,860,623,28
grouped_gemm/c-glm-5.3-flash-w13-ep4-t1024-balanced,prefill,legacy,labels,glm-5.3-flash,w13,4,,,,,,72,,,,128,4096,4096,,976.896,919.552,0.9412997903563942,,,0.9412997903563942,True,ef07e51b-05ec-44b5-895b-16a46962d579,40de4940-aef6-48e6-bf9c-0894af222558,interleaved-v1,True,False,1,60,623,28
grouped_gemm/c-glm-5.3-flash-w13-ep4-t1024-zipf,prefill,legacy,labels,glm-5.3-flash,w13,4,,,,,,72,,,,128,4096,4096,,976.896,942.08,0.9643605870020965,,,0.9643605870020965,True,ef07e51b-05ec-44b5-895b-16a46962d579,40de4940-aef6-48e6-bf9c-0894af222558,interleaved-v1,True,False,1,60,623,28
grouped_gemm/c-glm-5.3-flash-w13-ep4-t1024-hot,prefill,legacy,labels,glm-5.3-flash,w13,4,,,,,,72,,,,128,4096,4096,,970.752,931.8240000000001,0.9598991297468356,0.959915611814346,0.959882647679325,0.959915611814346,True,ef07e51b-05ec-44b5-895b-16a46962d579,40de4940-aef6-48e6-bf9c-0894af222558,interleaved-v1,True,True,3,860,623,28
grouped_gemm/c-glm-5.3-flash-w13-ep4-t1024-disjoint,prefill,legacy,labels,glm-5.3-flash,w13,4,,,,,,72,,,,128,4096,4096,,278.528,233.472,0.8382352941176471,,,0.8382352941176471,True,ef07e51b-05ec-44b5-895b-16a46962d579,40de4940-aef6-48e6-bf9c-0894af222558,interleaved-v1,True,False,1,60,623,29
grouped_gemm/c-glm-5.3-flash-w13-ep4-t4096-balanced,prefill,legacy,labels,glm-5.3-flash,w13,4,,,,,,72,,,,128,4096,4096,,968.704,909.312,0.9386892177589853,,,0.9386892177589853,True,ef07e51b-05ec-44b5-895b-16a46962d579,40de4940-aef6-48e6-bf9c-0894af222558,interleaved-v1,True,False,1,60,623,29
grouped_gemm/c-glm-5.3-flash-w13-ep4-t4096-zipf,prefill,legacy,labels,glm-5.3-flash,w13,4,,,,,,72,,,,128,4096,4096,,1094.6399999999999,1070.08,0.9775633998392166,,,0.9775633998392166,True,ef07e51b-05ec-44b5-895b-16a46962d579,40de4940-aef6-48e6-bf9c-0894af222558,interleaved-v1,True,False,1,60,623,29
grouped_gemm/c-glm-5.3-flash-w13-ep4-t4096-hot,prefill,legacy,labels,glm-5.3-flash,w13,4,,,,,,72,,,,128,4096,4096,,1157.12,1116.16,0.9646017699115046,,,0.9646017699115046,True,ef07e51b-05ec-44b5-895b-16a46962d579,40de4940-aef6-48e6-bf9c-0894af222558,interleaved-v1,True,False,1,60,623,29
grouped_gemm/c-glm-5.3-flash-w13-ep4-t4096-disjoint,prefill,legacy,labels,glm-5.3-flash,w13,4,,,,,,72,,,,128,4096,4096,,493.6,459.264,0.9304376012965964,,,0.9304376012965964,True,ef07e51b-05ec-44b5-895b-16a46962d579,40de4940-aef6-48e6-bf9c-0894af222558,interleaved-v1,True,False,1,60,623,29
grouped_gemm/c-glm-5.3-flash-w13-ep4-t8192-balanced,prefill,legacy,labels,glm-5.3-flash,w13,4,,,,,,72,,,,128,4096,4096,,1056.768,1042.432,0.9864341085271318,,,0.9864341085271318,True,ef07e51b-05ec-44b5-895b-16a46962d579,40de4940-aef6-48e6-bf9c-0894af222558,interleaved-v1,True,False,1,60,623,29
grouped_gemm/c-glm-5.3-flash-w13-ep4-t8192-zipf,prefill,legacy,labels,glm-5.3-flash,w13,4,,,,,,72,,,,128,4096,4096,,1296.384,1272.8319999999999,0.9818325434439178,,,0.9818325434439178,True,ef07e51b-05ec-44b5-895b-16a46962d579,40de4940-aef6-48e6-bf9c-0894af222558,interleaved-v1,True,False,1,60,623,29
grouped_gemm/c-glm-5.3-flash-w13-ep4-t8192-hot,prefill,legacy,labels,glm-5.3-flash,w13,4,,,,,,72,,,,128,4096,4096,,1382.4,1294.336,0.9362962962962963,,,0.9362962962962963,True,ef07e51b-05ec-44b5-895b-16a46962d579,40de4940-aef6-48e6-bf9c-0894af222558,interleaved-v1,True,False,1,60,623,29
grouped_gemm/c-glm-5.3-flash-w13-ep4-t8192-disjoint,prefill,legacy,labels,glm-5.3-flash,w13,4,,,,,,72,,,,128,4096,4096,,919.552,866.304,0.9420935412026725,,,0.9420935412026725,True,ef07e51b-05ec-44b5-895b-16a46962d579,40de4940-aef6-48e6-bf9c-0894af222558,interleaved-v1,True,False,1,60,623,30
grouped_gemm/c-glm-5.3-flash-w13-ep8-t1024-balanced,prefill,legacy,labels,glm-5.3-flash,w13,8,,,,,,36,,,,128,4096,4096,,481.248,450.56,0.9362324622647783,0.9401709401709402,0.9401709401709402,0.9401709401709402,True,ef07e51b-05ec-44b5-895b-16a46962d579,40de4940-aef6-48e6-bf9c-0894af222558,interleaved-v1,True,True,3,860,623,30
grouped_gemm/c-glm-5.3-flash-w13-ep8-t1024-zipf,prefill,legacy,labels,glm-5.3-flash,w13,8,,,,,,36,,,,128,4096,4096,,485.376,449.52,0.9261273734177216,,,0.9261273734177216,True,ef07e51b-05ec-44b5-895b-16a46962d579,40de4940-aef6-48e6-bf9c-0894af222558,interleaved-v1,True,False,1,60,623,30
grouped_gemm/c-glm-5.3-flash-w13-ep8-t1024-hot,prefill,legacy,labels,glm-5.3-flash,w13,8,,,,,,36,,,,128,4096,4096,,487.392,452.576,0.9285667388877947,,,0.9285667388877947,True,ef07e51b-05ec-44b5-895b-16a46962d579,40de4940-aef6-48e6-bf9c-0894af222558,interleaved-v1,True,False,1,60,623,30
grouped_gemm/c-glm-5.3-flash-w13-ep8-t1024-disjoint,prefill,legacy,labels,glm-5.3-flash,w13,8,,,,,,36,,,,128,4096,4096,,137.216,120.832,0.880597014925373,0.880597014925373,0.8954057835820896,0.8954057835820896,True,ef07e51b-05ec-44b5-895b-16a46962d579,40de4940-aef6-48e6-bf9c-0894af222558,interleaved-v1,True,True,3,860,623,30
grouped_gemm/c-glm-5.3-flash-w13-ep8-t4096-balanced,prefill,legacy,labels,glm-5.3-flash,w13,8,,,,,,36,,,,128,4096,4096,,476.16,444.416,0.9333333333333332,0.9353448275862069,0.9313304721030042,0.9353448275862069,True,ef07e51b-05ec-44b5-895b-16a46962d579,40de4940-aef6-48e6-bf9c-0894af222558,interleaved-v1,True,True,3,860,623,30
grouped_gemm/c-glm-5.3-flash-w13-ep8-t4096-zipf,prefill,legacy,labels,glm-5.3-flash,w13,8,,,,,,36,,,,128,4096,4096,,532.496,509.952,0.9576635317448394,,,0.9576635317448394,True,ef07e51b-05ec-44b5-895b-16a46962d579,40de4940-aef6-48e6-bf9c-0894af222558,interleaved-v1,True,False,1,60,623,30
grouped_gemm/c-glm-5.3-flash-w13-ep8-t4096-hot,prefill,legacy,labels,glm-5.3-flash,w13,8,,,,,,36,,,,128,4096,4096,,575.488,540.672,0.9395017793594306,,,0.9395017793594306,True,ef07e51b-05ec-44b5-895b-16a46962d579,40de4940-aef6-48e6-bf9c-0894af222558,interleaved-v1,True,False,1,60,623,30
grouped_gemm/c-glm-5.3-flash-w13-ep8-t4096-disjoint,prefill,legacy,labels,glm-5.3-flash,w13,8,,,,,,36,,,,128,4096,4096,,268.288,249.856,0.9312977099236641,,,0.9312977099236641,True,ef07e51b-05ec-44b5-895b-16a46962d579,40de4940-aef6-48e6-bf9c-0894af222558,interleaved-v1,True,False,1,60,623,31
grouped_gemm/c-glm-5.3-flash-w13-ep8-t8192-balanced,prefill,legacy,labels,glm-5.3-flash,w13,8,,,,,,36,,,,128,4096,4096,,544.768,534.528,0.981203007518797,,,0.981203007518797,True,ef07e51b-05ec-44b5-895b-16a46962d579,40de4940-aef6-48e6-bf9c-0894af222558,interleaved-v1,True,False,1,60,623,31
grouped_gemm/c-glm-5.3-flash-w13-ep8-t8192-zipf,prefill,legacy,labels,glm-5.3-flash,w13,8,,,,,,36,,,,128,4096,4096,,630.784,598.016,0.948051948051948,,,0.948051948051948,True,ef07e51b-05ec-44b5-895b-16a46962d579,40de4940-aef6-48e6-bf9c-0894af222558,interleaved-v1,True,False,1,60,623,31
grouped_gemm/c-glm-5.3-flash-w13-ep8-t8192-hot,prefill,legacy,labels,glm-5.3-flash,w13,8,,,,,,36,,,,128,4096,4096,,638.976,602.112,0.9423076923076923,,,0.9423076923076923,True,ef07e51b-05ec-44b5-895b-16a46962d579,40de4940-aef6-48e6-bf9c-0894af222558,interleaved-v1,True,False,1,60,623,31
grouped_gemm/c-glm-5.3-flash-w13-ep8-t8192-disjoint,prefill,legacy,labels,glm-5.3-flash,w13,8,,,,,,36,,,,128,4096,4096,,477.184,450.56,0.944206008583691,,,0.944206008583691,True,ef07e51b-05ec-44b5-895b-16a46962d579,40de4940-aef6-48e6-bf9c-0894af222558,interleaved-v1,True,False,1,60,623,31
grouped_gemm/c-glm-5.3-flash-w2-ep1-t1024-balanced,prefill,legacy,labels,glm-5.3-flash,w2,1,,,,,,288,,,,128,4096,2048,,2085.888,2083.328,0.998772704958272,0.9980363279332352,0.9982817869415809,0.998772704958272,True,ef07e51b-05ec-44b5-895b-16a46962d579,40de4940-aef6-48e6-bf9c-0894af222558,interleaved-v1,True,True,3,860,623,31
grouped_gemm/c-glm-5.3-flash-w2-ep1-t1024-zipf,prefill,legacy,labels,glm-5.3-flash,w2,1,,,,,,288,,,,128,4096,2048,,2162.688,2159.1040000000003,0.9983428030303031,0.9992894362861201,0.9985795454545454,0.9992894362861201,True,ef07e51b-05ec-44b5-895b-16a46962d579,40de4940-aef6-48e6-bf9c-0894af222558,interleaved-v1,True,True,3,860,623,31
grouped_gemm/c-glm-5.3-flash-w2-ep1-t1024-hot,prefill,legacy,labels,glm-5.3-flash,w2,1,,,,,,288,,,,128,4096,2048,,2203.648,2181.12,0.9897769516728624,0.9893172317696237,0.9893172317696237,0.9897769516728624,True,ef07e51b-05ec-44b5-895b-16a46962d579,40de4940-aef6-48e6-bf9c-0894af222558,interleaved-v1,True,True,3,860,623,31
grouped_gemm/c-glm-5.3-flash-w2-ep1-t1024-disjoint,prefill,legacy,labels,glm-5.3-flash,w2,1,,,,,,288,,,,128,4096,2048,,555.008,475.104,0.8560309040590405,0.8560309040590405,0.8560309040590405,0.8560309040590405,True,7063ee67-17ea-4c98-ad10-5667b325b998,3f488d20-1527-42a4-a124-088ab8ad6bdf,interleaved-v1,True,True,3,860,624,32
grouped_gemm/c-glm-5.3-flash-w2-ep1-t4096-balanced,prefill,legacy,labels,glm-5.3-flash,w2,1,,,,,,288,,,,128,4096,2048,,1995.744,1976.8,0.9905078005996761,0.9902224218555741,0.9897381628104607,0.9905078005996761,True,7063ee67-17ea-4c98-ad10-5667b325b998,3f488d20-1527-42a4-a124-088ab8ad6bdf,interleaved-v1,True,True,3,860,624,32
grouped_gemm/c-glm-5.3-flash-w2-ep1-t4096-zipf,prefill,legacy,labels,glm-5.3-flash,w2,1,,,,,,288,,,,128,4096,2048,,2449.408,2406.9120000000003,0.982650501672241,0.9820309235269538,0.9820309235269538,0.982650501672241,True,7063ee67-17ea-4c98-ad10-5667b325b998,3f488d20-1527-42a4-a124-088ab8ad6bdf,interleaved-v1,True,True,3,860,624,32
grouped_gemm/c-glm-5.3-flash-w2-ep1-t4096-hot,prefill,legacy,labels,glm-5.3-flash,w2,1,,,,,,288,,,,128,4096,2048,,2522.624,2486.272,0.9855896082809013,0.9860047179383117,0.9853955375253549,0.9860047179383117,True,7063ee67-17ea-4c98-ad10-5667b325b998,3f488d20-1527-42a4-a124-088ab8ad6bdf,interleaved-v1,True,True,3,860,624,32
grouped_gemm/c-glm-5.3-flash-w2-ep1-t4096-disjoint,prefill,legacy,labels,glm-5.3-flash,w2,1,,,,,,288,,,,128,4096,2048,,979.9839999999999,928.768,0.947737922251792,0.9465020576131687,0.9467213114754099,0.947737922251792,True,7063ee67-17ea-4c98-ad10-5667b325b998,3f488d20-1527-42a4-a124-088ab8ad6bdf,interleaved-v1,True,True,3,860,624,32
grouped_gemm/c-glm-5.3-flash-w2-ep1-t8192-balanced,prefill,legacy,labels,glm-5.3-flash,w2,1,,,,,,288,,,,128,4096,2048,,2300.928,2282.496,0.991989319092123,0.9893495968805074,0.9902359754996599,0.991989319092123,True,7063ee67-17ea-4c98-ad10-5667b325b998,3f488d20-1527-42a4-a124-088ab8ad6bdf,interleaved-v1,True,True,3,860,624,32
grouped_gemm/c-glm-5.3-flash-w2-ep1-t8192-zipf,prefill,legacy,labels,glm-5.3-flash,w2,1,,,,,,288,,,,128,4096,2048,,2949.12,2863.616,0.9710069444444445,0.9690386589120766,0.9685254875128293,0.9710069444444445,True,7063ee67-17ea-4c98-ad10-5667b325b998,3f488d20-1527-42a4-a124-088ab8ad6bdf,interleaved-v1,True,True,3,860,624,32
grouped_gemm/c-glm-5.3-flash-w2-ep1-t8192-hot,prefill,legacy,labels,glm-5.3-flash,w2,1,,,,,,288,,,,128,4096,2048,,2935.808,2847.744,0.9700034879665156,0.9696969696969697,0.9700295621212864,0.9700295621212864,True,7063ee67-17ea-4c98-ad10-5667b325b998,3f488d20-1527-42a4-a124-088ab8ad6bdf,interleaved-v1,True,True,3,860,624,32
grouped_gemm/c-glm-5.3-flash-w2-ep1-t8192-disjoint,prefill,legacy,labels,glm-5.3-flash,w2,1,,,,,,288,,,,128,4096,2048,,1892.848,1803.248,0.9526639223012097,0.9573590206702791,0.9579050611209899,0.9579050611209899,True,7063ee67-17ea-4c98-ad10-5667b325b998,3f488d20-1527-42a4-a124-088ab8ad6bdf,interleaved-v1,True,True,3,860,624,33
grouped_gemm/c-glm-5.3-flash-w2-ep4-t1024-balanced,prefill,legacy,labels,glm-5.3-flash,w2,4,,,,,,72,,,,128,4096,2048,,516.096,481.248,0.9324776785714285,,,0.9324776785714285,True,7063ee67-17ea-4c98-ad10-5667b325b998,3f488d20-1527-42a4-a124-088ab8ad6bdf,interleaved-v1,True,False,1,60,624,33
grouped_gemm/c-glm-5.3-flash-w2-ep4-t1024-zipf,prefill,legacy,labels,glm-5.3-flash,w2,4,,,,,,72,,,,128,4096,2048,,522.208,487.392,0.9333292481156934,,,0.9333292481156934,True,7063ee67-17ea-4c98-ad10-5667b325b998,3f488d20-1527-42a4-a124-088ab8ad6bdf,interleaved-v1,True,False,1,60,624,33
grouped_gemm/c-glm-5.3-flash-w2-ep4-t1024-hot,prefill,legacy,labels,glm-5.3-flash,w2,4,,,,,,72,,,,128,4096,2048,,518.144,489.472,0.9446640316205533,0.9446640316205533,0.9446640316205533,0.9446640316205533,True,7063ee67-17ea-4c98-ad10-5667b325b998,3f488d20-1527-42a4-a124-088ab8ad6bdf,interleaved-v1,True,True,3,860,624,33
grouped_gemm/c-glm-5.3-flash-w2-ep4-t1024-disjoint,prefill,legacy,labels,glm-5.3-flash,w2,4,,,,,,72,,,,128,4096,2048,,141.312,124.928,0.8840579710144927,,,0.8840579710144927,True,7063ee67-17ea-4c98-ad10-5667b325b998,3f488d20-1527-42a4-a124-088ab8ad6bdf,interleaved-v1,True,False,1,60,624,33
grouped_gemm/c-glm-5.3-flash-w2-ep4-t4096-balanced,prefill,legacy,labels,glm-5.3-flash,w2,4,,,,,,72,,,,128,4096,2048,,507.904,471.05600000000004,0.9274508568548387,,,0.9274508568548387,True,7063ee67-17ea-4c98-ad10-5667b325b998,3f488d20-1527-42a4-a124-088ab8ad6bdf,interleaved-v1,True,False,1,60,624,33
grouped_gemm/c-glm-5.3-flash-w2-ep4-t4096-zipf,prefill,legacy,labels,glm-5.3-flash,w2,4,,,,,,72,,,,128,4096,2048,,587.744,546.832,0.9303914629498556,,,0.9303914629498556,True,7063ee67-17ea-4c98-ad10-5667b325b998,3f488d20-1527-42a4-a124-088ab8ad6bdf,interleaved-v1,True,False,1,60,624,33
grouped_gemm/c-glm-5.3-flash-w2-ep4-t4096-hot,prefill,legacy,labels,glm-5.3-flash,w2,4,,,,,,72,,,,128,4096,2048,,606.208,573.408,0.9458931587837839,,,0.9458931587837839,True,7063ee67-17ea-4c98-ad10-5667b325b998,3f488d20-1527-42a4-a124-088ab8ad6bdf,interleaved-v1,True,False,1,60,624,33
grouped_gemm/c-glm-5.3-flash-w2-ep4-t4096-disjoint,prefill,legacy,labels,glm-5.3-flash,w2,4,,,,,,72,,,,128,4096,2048,,262.176,245.792,0.9375076284633224,,,0.9375076284633224,True,7063ee67-17ea-4c98-ad10-5667b325b998,3f488d20-1527-42a4-a124-088ab8ad6bdf,interleaved-v1,True,False,1,60,624,34
grouped_gemm/c-glm-5.3-flash-w2-ep4-t8192-balanced,prefill,legacy,labels,glm-5.3-flash,w2,4,,,,,,72,,,,128,4096,2048,,575.488,567.296,0.9857651245551601,,,0.9857651245551601,True,7063ee67-17ea-4c98-ad10-5667b325b998,3f488d20-1527-42a4-a124-088ab8ad6bdf,interleaved-v1,True,False,1,60,624,34
grouped_gemm/c-glm-5.3-flash-w2-ep4-t8192-zipf,prefill,legacy,labels,glm-5.3-flash,w2,4,,,,,,72,,,,128,4096,2048,,692.224,653.312,0.9437869822485206,,,0.9437869822485206,True,7063ee67-17ea-4c98-ad10-5667b325b998,3f488d20-1527-42a4-a124-088ab8ad6bdf,interleaved-v1,True,False,1,60,624,34
grouped_gemm/c-glm-5.3-flash-w2-ep4-t8192-hot,prefill,legacy,labels,glm-5.3-flash,w2,4,,,,,,72,,,,128,4096,2048,,728.064,665.616,0.9142273206751055,,,0.9142273206751055,True,7063ee67-17ea-4c98-ad10-5667b325b998,3f488d20-1527-42a4-a124-088ab8ad6bdf,interleaved-v1,True,False,1,60,624,34
grouped_gemm/c-glm-5.3-flash-w2-ep4-t8192-disjoint,prefill,legacy,labels,glm-5.3-flash,w2,4,,,,,,72,,,,128,4096,2048,,481.28,454.656,0.9446808510638298,,,0.9446808510638298,True,7063ee67-17ea-4c98-ad10-5667b325b998,3f488d20-1527-42a4-a124-088ab8ad6bdf,interleaved-v1,True,False,1,60,624,34
grouped_gemm/c-glm-5.3-flash-w2-ep8-t1024-balanced,prefill,legacy,labels,glm-5.3-flash,w2,8,,,,,,36,,,,128,4096,2048,,251.888,233.472,0.9268881407609731,,,0.9268881407609731,True,7063ee67-17ea-4c98-ad10-5667b325b998,3f488d20-1527-42a4-a124-088ab8ad6bdf,interleaved-v1,True,False,1,60,624,34
grouped_gemm/c-glm-5.3-flash-w2-ep8-t1024-zipf,prefill,legacy,labels,glm-5.3-flash,w2,8,,,,,,36,,,,128,4096,2048,,258.048,239.616,0.9285714285714286,,,0.9285714285714286,True,7063ee67-17ea-4c98-ad10-5667b325b998,3f488d20-1527-42a4-a124-088ab8ad6bdf,interleaved-v1,True,False,1,60,624,34
grouped_gemm/c-glm-5.3-flash-w2-ep8-t1024-hot,prefill,legacy,labels,glm-5.3-flash,w2,8,,,,,,36,,,,128,4096,2048,,258.016,233.472,0.9048741163338707,,,0.9048741163338707,True,7063ee67-17ea-4c98-ad10-5667b325b998,3f488d20-1527-42a4-a124-088ab8ad6bdf,interleaved-v1,True,False,1,60,624,34
grouped_gemm/c-glm-5.3-flash-w2-ep8-t1024-disjoint,prefill,legacy,labels,glm-5.3-flash,w2,8,,,,,,36,,,,128,4096,2048,,71.68,65.536,0.9142857142857143,0.9142857142857143,0.9142857142857143,0.9142857142857143,True,7063ee67-17ea-4c98-ad10-5667b325b998,3f488d20-1527-42a4-a124-088ab8ad6bdf,interleaved-v1,True,True,3,860,624,35
grouped_gemm/c-glm-5.3-flash-w2-ep8-t4096-balanced,prefill,legacy,labels,glm-5.3-flash,w2,8,,,,,,36,,,,128,4096,2048,,249.856,229.376,0.9180327868852459,,,0.9180327868852459,True,7063ee67-17ea-4c98-ad10-5667b325b998,3f488d20-1527-42a4-a124-088ab8ad6bdf,interleaved-v1,True,False,1,60,624,35
grouped_gemm/c-glm-5.3-flash-w2-ep8-t4096-zipf,prefill,legacy,labels,glm-5.3-flash,w2,8,,,,,,36,,,,128,4096,2048,,282.624,258.048,0.9130434782608695,,,0.9130434782608695,True,7063ee67-17ea-4c98-ad10-5667b325b998,3f488d20-1527-42a4-a124-088ab8ad6bdf,interleaved-v1,True,False,1,60,624,35
grouped_gemm/c-glm-5.3-flash-w2-ep8-t4096-hot,prefill,legacy,labels,glm-5.3-flash,w2,8,,,,,,36,,,,128,4096,2048,,290.816,268.288,0.9225352112676057,,,0.9225352112676057,True,7063ee67-17ea-4c98-ad10-5667b325b998,3f488d20-1527-42a4-a124-088ab8ad6bdf,interleaved-v1,True,False,1,60,624,35
grouped_gemm/c-glm-5.3-flash-w2-ep8-t4096-disjoint,prefill,legacy,labels,glm-5.3-flash,w2,8,,,,,,36,,,,128,4096,2048,,143.36,135.168,0.9428571428571428,,,0.9428571428571428,True,7063ee67-17ea-4c98-ad10-5667b325b998,3f488d20-1527-42a4-a124-088ab8ad6bdf,interleaved-v1,True,False,1,60,624,35
grouped_gemm/c-glm-5.3-flash-w2-ep8-t8192-balanced,prefill,legacy,labels,glm-5.3-flash,w2,8,,,,,,36,,,,128,4096,2048,,294.912,292.864,0.9930555555555556,0.9930555555555556,0.9930555555555556,0.9930555555555556,True,7063ee67-17ea-4c98-ad10-5667b325b998,3f488d20-1527-42a4-a124-088ab8ad6bdf,interleaved-v1,True,True,3,860,624,35
grouped_gemm/c-glm-5.3-flash-w2-ep8-t8192-zipf,prefill,legacy,labels,glm-5.3-flash,w2,8,,,,,,36,,,,128,4096,2048,,319.488,299.008,0.9358974358974358,,,0.9358974358974358,True,7063ee67-17ea-4c98-ad10-5667b325b998,3f488d20-1527-42a4-a124-088ab8ad6bdf,interleaved-v1,True,False,1,60,624,35
grouped_gemm/c-glm-5.3-flash-w2-ep8-t8192-hot,prefill,legacy,labels,glm-5.3-flash,w2,8,,,,,,36,,,,128,4096,2048,,348.16,325.632,0.9352941176470587,,,0.9352941176470587,True,7063ee67-17ea-4c98-ad10-5667b325b998,3f488d20-1527-42a4-a124-088ab8ad6bdf,interleaved-v1,True,False,1,60,624,35
grouped_gemm/c-glm-5.3-flash-w2-ep8-t8192-disjoint,prefill,legacy,labels,glm-5.3-flash,w2,8,,,,,,36,,,,128,4096,2048,,253.952,239.616,0.9435483870967742,,,0.9435483870967742,True,7063ee67-17ea-4c98-ad10-5667b325b998,3f488d20-1527-42a4-a124-088ab8ad6bdf,interleaved-v1,True,False,1,60,624,36
grouped_gemm/rt1-dsv4-flash-w13-tp4-ep4-r0-prefill-t1024-balanced,prefill,route-tp-v1,labels,dsv4-flash,w13,4,4,0,0,1024,balanced,64,,14336,,128,1024,4096,4096,243.68,229.376,0.9413000656598818,0.9413000656598818,0.9413000656598818,0.9413000656598818,True,7063ee67-17ea-4c98-ad10-5667b325b998,3f488d20-1527-42a4-a124-088ab8ad6bdf,interleaved-v1,True,True,3,860,624,36
grouped_gemm/rt1-dsv4-flash-w13-tp4-ep4-r1-prefill-t1024-balanced,prefill,route-tp-v1,labels,dsv4-flash,w13,4,4,0,1,1024,balanced,64,,14336,,128,1024,4096,4096,243.696,231.392,0.9495108659969799,0.9495732107682205,0.9495732107682205,0.9495732107682205,True,7063ee67-17ea-4c98-ad10-5667b325b998,3f488d20-1527-42a4-a124-088ab8ad6bdf,interleaved-v1,True,True,3,860,624,36
grouped_gemm/rt1-dsv4-flash-w13-tp4-ep4-r2-prefill-t1024-balanced,prefill,route-tp-v1,labels,dsv4-flash,w13,4,4,0,2,1024,balanced,64,,14336,,128,1024,4096,4096,243.68,230.38400000000001,0.9454366382140512,0.9495732107682205,0.9495732107682205,0.9495732107682205,True,7063ee67-17ea-4c98-ad10-5667b325b998,3f488d20-1527-42a4-a124-088ab8ad6bdf,interleaved-v1,True,True,3,860,624,36
grouped_gemm/rt1-dsv4-flash-w13-tp4-ep4-r3-prefill-t1024-balanced,prefill,route-tp-v1,labels,dsv4-flash,w13,4,4,0,3,1024,balanced,64,,14336,,128,1024,4096,4096,243.68,231.392,0.9495732107682205,0.9495732107682205,0.9495732107682205,0.9495732107682205,True,7063ee67-17ea-4c98-ad10-5667b325b998,3f488d20-1527-42a4-a124-088ab8ad6bdf,interleaved-v1,True,True,3,860,624,36
grouped_gemm/rt1-dsv4-flash-w2-tp4-ep4-r0-prefill-t1024-balanced,prefill,route-tp-v1,labels,dsv4-flash,w2,4,4,0,0,1024,balanced,64,,14336,,128,4096,512,512,153.568,143.328,0.933319441550323,0.9361613206561489,0.9457347972972974,0.9457347972972974,True,7063ee67-17ea-4c98-ad10-5667b325b998,3f488d20-1527-42a4-a124-088ab8ad6bdf,interleaved-v1,True,True,3,860,624,36
grouped_gemm/rt1-dsv4-flash-w2-tp4-ep4-r1-prefill-t1024-balanced,prefill,route-tp-v1,labels,dsv4-flash,w2,4,4,0,1,1024,balanced,64,,14336,,128,4096,512,512,152.57600000000002,143.328,0.9393875838926173,0.9457347972972974,0.9457347972972974,0.9457347972972974,True,7063ee67-17ea-4c98-ad10-5667b325b998,3f488d20-1527-42a4-a124-088ab8ad6bdf,interleaved-v1,True,True,3,860,624,36
grouped_gemm/rt1-dsv4-flash-w2-tp4-ep4-r2-prefill-t1024-balanced,prefill,route-tp-v1,labels,dsv4-flash,w2,4,4,0,2,1024,balanced,64,,14336,,128,4096,512,512,152.56,143.344,0.9395909805977976,0.9457347972972974,0.933319441550323,0.9457347972972974,True,7063ee67-17ea-4c98-ad10-5667b325b998,3f488d20-1527-42a4-a124-088ab8ad6bdf,interleaved-v1,True,True,3,860,624,36
grouped_gemm/rt1-dsv4-flash-w2-tp4-ep4-r3-prefill-t1024-balanced,prefill,route-tp-v1,labels,dsv4-flash,w2,4,4,0,3,1024,balanced,64,,14336,,128,4096,512,512,151.552,141.312,0.9324324324324326,0.9324324324324326,0.9324324324324326,0.9324324324324326,True,7063ee67-17ea-4c98-ad10-5667b325b998,3f488d20-1527-42a4-a124-088ab8ad6bdf,interleaved-v1,True,True,3,860,624,37
grouped_gemm/rt1-dsv4-flash-w13-tp4-ep4-r0-prefill-t8192-zipf,prefill,route-tp-v1,labels,dsv4-flash,w13,4,4,0,0,8192,zipf,64,,57344,,128,1024,4096,4096,342.0,288.768,0.8443508771929824,0.8443113772455089,0.8502994011976047,0.8502994011976047,True,7063ee67-17ea-4c98-ad10-5667b325b998,3f488d20-1527-42a4-a124-088ab8ad6bdf,interleaved-v1,True,True,3,860,624,37
grouped_gemm/rt1-dsv4-flash-w13-tp4-ep4-r1-prefill-t8192-zipf,prefill,route-tp-v1,labels,dsv4-flash,w13,4,4,0,1,8192,zipf,64,,57344,,128,1024,4096,4096,419.808,378.88,0.9025078130955103,0.9000686027898468,0.9000686027898468,0.9025078130955103,True,7063ee67-17ea-4c98-ad10-5667b325b998,3f488d20-1527-42a4-a124-088ab8ad6bdf,interleaved-v1,True,True,3,860,624,37
grouped_gemm/rt1-dsv4-flash-w13-tp4-ep4-r2-prefill-t8192-zipf,prefill,route-tp-v1,labels,dsv4-flash,w13,4,4,0,2,8192,zipf,64,,57344,,128,1024,4096,4096,335.872,305.152,0.9085365853658536,0.9031158253622502,0.9031158253622502,0.9085365853658536,True,7063ee67-17ea-4c98-ad10-5667b325b998,3f488d20-1527-42a4-a124-088ab8ad6bdf,interleaved-v1,True,True,3,860,624,37
grouped_gemm/rt1-dsv4-flash-w13-tp4-ep4-r3-prefill-t8192-zipf,prefill,route-tp-v1,labels,dsv4-flash,w13,4,4,0,3,8192,zipf,64,,57344,,128,1024,4096,4096,428.0,372.736,0.8708785046728972,0.8708785046728972,0.8708785046728972,0.8708785046728972,True,7063ee67-17ea-4c98-ad10-5667b325b998,3f488d20-1527-42a4-a124-088ab8ad6bdf,interleaved-v1,True,True,3,860,624,37
grouped_gemm/rt1-dsv4-flash-w2-tp4-ep4-r0-prefill-t8192-zipf,prefill,route-tp-v1,labels,dsv4-flash,w2,4,4,0,0,8192,zipf,64,,57344,,128,4096,512,512,396.288,374.784,0.945736434108527,0.9432989690721649,0.9432989690721649,0.945736434108527,True,7063ee67-17ea-4c98-ad10-5667b325b998,3f488d20-1527-42a4-a124-088ab8ad6bdf,interleaved-v1,True,True,3,860,624,37
grouped_gemm/rt1-dsv4-flash-w2-tp4-ep4-r1-prefill-t8192-zipf,prefill,route-tp-v1,labels,dsv4-flash,w2,4,4,0,1,8192,zipf,64,,57344,,128,4096,512,512,421.888,409.6,0.9708737864077671,0.9708737864077671,0.9708737864077671,0.9708737864077671,True,7063ee67-17ea-4c98-ad10-5667b325b998,3f488d20-1527-42a4-a124-088ab8ad6bdf,interleaved-v1,True,True,3,860,624,37
grouped_gemm/rt1-dsv4-flash-w2-tp4-ep4-r2-prefill-t8192-zipf,prefill,route-tp-v1,labels,dsv4-flash,w2,4,4,0,2,8192,zipf,64,,57344,,128,4096,512,512,395.264,374.784,0.9481865284974093,0.9481865284974093,0.9481865284974093,0.9481865284974093,True,7063ee67-17ea-4c98-ad10-5667b325b998,3f488d20-1527-42a4-a124-088ab8ad6bdf,interleaved-v1,True,True,3,860,624,37
grouped_gemm/rt1-dsv4-flash-w2-tp4-ep4-r3-prefill-t8192-zipf,prefill,route-tp-v1,labels,dsv4-flash,w2,4,4,0,3,8192,zipf,64,,57344,,128,4096,512,512,413.696,397.312,0.9603960396039604,0.9603960396039604,0.9603960396039604,0.9603960396039604,True,7063ee67-17ea-4c98-ad10-5667b325b998,3f488d20-1527-42a4-a124-088ab8ad6bdf,interleaved-v1,True,True,3,860,624,38
grouped_gemm/rt1-dsv41-flash-w13-tp4-ep4-r0-prefill-t1024-balanced,prefill,route-tp-v1,labels,dsv41-flash,w13,4,4,0,0,1024,balanced,96,,18432,,128,1152,5120,5120,510.976,477.184,0.9338677354709419,0.9320582536408526,0.9320582536408526,0.9338677354709419,True,7063ee67-17ea-4c98-ad10-5667b325b998,3f488d20-1527-42a4-a124-088ab8ad6bdf,interleaved-v1,True,True,3,860,624,38
grouped_gemm/rt1-dsv41-flash-w13-tp4-ep4-r1-prefill-t1024-balanced,prefill,route-tp-v1,labels,dsv41-flash,w13,4,4,0,1,1024,balanced,96,,18432,,128,1152,5120,5120,511.98400000000004,479.232,0.9360292509140911,0.936,0.93596875,0.9360292509140911,True,7063ee67-17ea-4c98-ad10-5667b325b998,3f488d20-1527-42a4-a124-088ab8ad6bdf,interleaved-v1,True,True,3,860,624,38
grouped_gemm/rt1-dsv41-flash-w13-tp4-ep4-r2-prefill-t1024-balanced,prefill,route-tp-v1,labels,dsv41-flash,w13,4,4,0,2,1024,balanced,96,,18432,,128,1152,5120,5120,512.0,477.184,0.932,0.932,0.932,0.932,True,7063ee67-17ea-4c98-ad10-5667b325b998,3f488d20-1527-42a4-a124-088ab8ad6bdf,interleaved-v1,True,True,3,860,624,38
grouped_gemm/rt1-dsv41-flash-w13-tp4-ep4-r3-prefill-t1024-balanced,prefill,route-tp-v1,labels,dsv41-flash,w13,4,4,0,3,1024,balanced,96,,18432,,128,1152,5120,5120,512.0,479.232,0.936,0.93396875,0.93596875,0.936,True,7063ee67-17ea-4c98-ad10-5667b325b998,3f488d20-1527-42a4-a124-088ab8ad6bdf,interleaved-v1,True,True,3,860,624,38
grouped_gemm/rt1-dsv41-flash-w2-tp4-ep4-r0-prefill-t1024-balanced,prefill,route-tp-v1,labels,dsv41-flash,w2,4,4,0,0,1024,balanced,96,,18432,,128,5120,640,576,385.024,377.856,0.9813829787234042,0.9748344370860927,0.9735449735449735,0.9813829787234042,True,7063ee67-17ea-4c98-ad10-5667b325b998,3f488d20-1527-42a4-a124-088ab8ad6bdf,interleaved-v1,True,True,3,860,624,38
grouped_gemm/rt1-dsv41-flash-w2-tp4-ep4-r1-prefill-t1024-balanced,prefill,route-tp-v1,labels,dsv41-flash,w2,4,4,0,1,1024,balanced,96,,18432,,128,5120,640,576,387.072,378.88,0.9788359788359788,0.9788359788359788,0.9788359788359788,0.9788359788359788,True,7063ee67-17ea-4c98-ad10-5667b325b998,3f488d20-1527-42a4-a124-088ab8ad6bdf,interleaved-v1,True,True,3,860,624,38
grouped_gemm/rt1-dsv41-flash-w2-tp4-ep4-r2-prefill-t1024-balanced,prefill,route-tp-v1,labels,dsv41-flash,w2,4,4,0,2,1024,balanced,96,,18432,,128,5120,640,576,387.072,376.832,0.9735449735449735,0.9735449735449735,0.9735449735449735,0.9735449735449735,True,7063ee67-17ea-4c98-ad10-5667b325b998,3f488d20-1527-42a4-a124-088ab8ad6bdf,interleaved-v1,True,True,3,860,624,38
grouped_gemm/rt1-dsv41-flash-w2-tp4-ep4-r3-prefill-t1024-balanced,prefill,route-tp-v1,labels,dsv41-flash,w2,4,4,0,3,1024,balanced,96,,18432,,128,5120,640,576,387.072,376.832,0.9735449735449735,0.9735449735449735,0.9735449735449735,0.9735449735449735,True,7063ee67-17ea-4c98-ad10-5667b325b998,3f488d20-1527-42a4-a124-088ab8ad6bdf,interleaved-v1,True,True,3,860,624,39
grouped_gemm/rt1-dsv41-flash-w13-tp4-ep4-r0-prefill-t8192-zipf,prefill,route-tp-v1,labels,dsv41-flash,w13,4,4,0,0,8192,zipf,96,,61440,,128,1152,5120,5120,714.752,644.096,0.9011461318051577,0.9,0.9,0.9011461318051577,True,7063ee67-17ea-4c98-ad10-5667b325b998,3f488d20-1527-42a4-a124-088ab8ad6bdf,interleaved-v1,True,True,3,860,624,39
grouped_gemm/rt1-dsv41-flash-w13-tp4-ep4-r1-prefill-t8192-zipf,prefill,route-tp-v1,labels,dsv41-flash,w13,4,4,0,1,8192,zipf,96,,61440,,128,1152,5120,5120,686.08,638.976,0.9313432835820895,0.9313432835820895,0.9283582089552238,0.9313432835820895,True,7063ee67-17ea-4c98-ad10-5667b325b998,3f488d20-1527-42a4-a124-088ab8ad6bdf,interleaved-v1,True,True,3,860,624,39
grouped_gemm/rt1-dsv41-flash-w13-tp4-ep4-r2-prefill-t8192-zipf,prefill,route-tp-v1,labels,dsv41-flash,w13,4,4,0,2,8192,zipf,96,,61440,,128,1152,5120,5120,638.976,602.16,0.9423828125,0.9454627403846154,0.9454627403846154,0.9454627403846154,True,7063ee67-17ea-4c98-ad10-5667b325b998,3f488d20-1527-42a4-a124-088ab8ad6bdf,interleaved-v1,True,True,3,860,624,39
grouped_gemm/rt1-dsv41-flash-w13-tp4-ep4-r3-prefill-t8192-zipf,prefill,route-tp-v1,labels,dsv41-flash,w13,4,4,0,3,8192,zipf,96,,61440,,128,1152,5120,5120,620.544,585.728,0.9438943894389439,0.9438943894389439,0.9438943894389439,0.9438943894389439,True,7063ee67-17ea-4c98-ad10-5667b325b998,3f488d20-1527-42a4-a124-088ab8ad6bdf,interleaved-v1,True,True,3,860,624,39
grouped_gemm/rt1-dsv41-flash-w2-tp4-ep4-r0-prefill-t8192-zipf,prefill,route-tp-v1,labels,dsv41-flash,w2,4,4,0,0,8192,zipf,96,,61440,,128,5120,640,576,698.368,667.648,0.9560117302052785,0.9588235294117646,0.9560117302052785,0.9588235294117646,True,7063ee67-17ea-4c98-ad10-5667b325b998,3f488d20-1527-42a4-a124-088ab8ad6bdf,interleaved-v1,True,True,3,860,624,39
grouped_gemm/rt1-dsv41-flash-w2-tp4-ep4-r1-prefill-t8192-zipf,prefill,route-tp-v1,labels,dsv41-flash,w2,4,4,0,1,8192,zipf,96,,61440,,128,5120,640,576,714.752,684.032,0.9570200573065903,0.9570200573065903,0.9570200573065903,0.9570200573065903,True,7063ee67-17ea-4c98-ad10-5667b325b998,3f488d20-1527-42a4-a124-088ab8ad6bdf,interleaved-v1,True,True,3,860,624,39
grouped_gemm/rt1-dsv41-flash-w2-tp4-ep4-r2-prefill-t8192-zipf,prefill,route-tp-v1,labels,dsv41-flash,w2,4,4,0,2,8192,zipf,96,,61440,,128,5120,640,576,698.368,681.984,0.9765395894428153,0.9765395894428153,0.9736070381231672,0.9765395894428153,True,7063ee67-17ea-4c98-ad10-5667b325b998,3f488d20-1527-42a4-a124-088ab8ad6bdf,interleaved-v1,True,True,3,860,624,39
grouped_gemm/rt1-dsv41-flash-w2-tp4-ep4-r3-prefill-t8192-zipf,prefill,route-tp-v1,labels,dsv41-flash,w2,4,4,0,3,8192,zipf,96,,61440,,128,5120,640,576,684.032,665.6,0.9730538922155688,0.9730538922155688,0.9730538922155688,0.9730538922155688,True,7063ee67-17ea-4c98-ad10-5667b325b998,3f488d20-1527-42a4-a124-088ab8ad6bdf,interleaved-v1,True,True,3,860,624,40
grouped_gemm/rt1-dsv41-flash-w13-tp8-ep1-r0-prefill-t1024-balanced,prefill,route-tp-v1,labels,dsv41-flash,w13,1,8,0,0,1024,balanced,384,,54912,,128,576,5120,5120,1159.136,1081.344,0.9328879441238993,0.9328741407393093,0.9328621908127209,0.9328879441238993,True,7063ee67-17ea-4c98-ad10-5667b325b998,3f488d20-1527-42a4-a124-088ab8ad6bdf,interleaved-v1,True,True,3,860,624,40
grouped_gemm/rt1-dsv41-flash-w2-tp8-ep1-r0-prefill-t1024-balanced,prefill,route-tp-v1,labels,dsv41-flash,w2,1,8,0,0,1024,balanced,384,,54912,,128,5120,384,288,1212.416,1191.936,0.9831081081081081,0.9830795262267343,0.9814189189189189,0.9831081081081081,True,7063ee67-17ea-4c98-ad10-5667b325b998,3f488d20-1527-42a4-a124-088ab8ad6bdf,interleaved-v1,True,True,3,860,624,40
grouped_gemm/rt1-dsv41-flash-w13-tp8-ep1-r0-prefill-t8192-zipf,prefill,route-tp-v1,labels,dsv41-flash,w13,1,8,0,0,8192,zipf,384,,97920,,128,576,5120,5120,1359.872,1318.912,0.9698795180722891,0.9699023414519357,0.9699023414519357,0.9699023414519357,True,7063ee67-17ea-4c98-ad10-5667b325b998,3f488d20-1527-42a4-a124-088ab8ad6bdf,interleaved-v1,True,True,3,860,624,40
grouped_gemm/rt1-dsv41-flash-w2-tp8-ep1-r0-prefill-t8192-zipf,prefill,route-tp-v1,labels,dsv41-flash,w2,1,8,0,0,8192,zipf,384,,97920,,128,5120,384,288,1480.704,1488.896,1.0055325034578146,1.0055325034578146,1.0055542348339133,1.0055542348339133,True,7063ee67-17ea-4c98-ad10-5667b325b998,3f488d20-1527-42a4-a124-088ab8ad6bdf,interleaved-v1,True,True,3,860,624,40
grouped_gemm/rt1-glm-5.3-flash-w13-tp1-ep8-r0-prefill-t1024-balanced,prefill,route-tp-v1,labels,glm-5.3-flash,w13,8,1,0,0,1024,balanced,36,,12800,,128,4096,4096,4096,520.192,471.04,0.9055118110236221,0.9055675176868657,0.9055118110236221,0.9055675176868657,True,7063ee67-17ea-4c98-ad10-5667b325b998,3f488d20-1527-42a4-a124-088ab8ad6bdf,interleaved-v1,True,True,3,860,624,40
grouped_gemm/rt1-glm-5.3-flash-w13-tp1-ep8-r1-prefill-t1024-balanced,prefill,route-tp-v1,labels,glm-5.3-flash,w13,8,1,0,1,1024,balanced,36,,12800,,128,4096,4096,4096,520.16,471.04,0.9055675176868657,0.9055675176868657,0.9055675176868657,0.9055675176868657,True,7063ee67-17ea-4c98-ad10-5667b325b998,3f488d20-1527-42a4-a124-088ab8ad6bdf,interleaved-v1,True,True,3,860,624,40
grouped_gemm/rt1-glm-5.3-flash-w13-tp1-ep8-r2-prefill-t1024-balanced,prefill,route-tp-v1,labels,glm-5.3-flash,w13,8,1,0,2,1024,balanced,36,,12800,,128,4096,4096,4096,520.1759999999999,468.992,0.9016025345267757,0.905505998154414,0.905505998154414,0.905505998154414,True,7063ee67-17ea-4c98-ad10-5667b325b998,3f488d20-1527-42a4-a124-088ab8ad6bdf,interleaved-v1,True,True,3,860,624,40
grouped_gemm/rt1-glm-5.3-flash-w13-tp1-ep8-r3-prefill-t1024-balanced,prefill,route-tp-v1,labels,glm-5.3-flash,w13,8,1,0,3,1024,balanced,36,,12800,,128,4096,4096,4096,520.16,471.04,0.9055675176868657,0.9055675176868657,0.9055675176868657,0.9055675176868657,True,7063ee67-17ea-4c98-ad10-5667b325b998,3f488d20-1527-42a4-a124-088ab8ad6bdf,interleaved-v1,True,True,3,860,624,41
grouped_gemm/rt1-glm-5.3-flash-w13-tp1-ep8-r4-prefill-t1024-balanced,prefill,route-tp-v1,labels,glm-5.3-flash,w13,8,1,0,4,1024,balanced,36,,12800,,128,4096,4096,4096,520.192,471.04,0.9055118110236221,0.9055118110236221,0.9055118110236221,0.9055118110236221,True,7063ee67-17ea-4c98-ad10-5667b325b998,3f488d20-1527-42a4-a124-088ab8ad6bdf,interleaved-v1,True,True,3,860,624,41
grouped_gemm/rt1-glm-5.3-flash-w13-tp1-ep8-r5-prefill-t1024-balanced,prefill,route-tp-v1,labels,glm-5.3-flash,w13,8,1,0,5,1024,balanced,36,,12800,,128,4096,4096,4096,520.192,471.04,0.9055118110236221,0.9055118110236221,0.9055118110236221,0.9055118110236221,True,7063ee67-17ea-4c98-ad10-5667b325b998,3f488d20-1527-42a4-a124-088ab8ad6bdf,interleaved-v1,True,True,3,860,624,41
grouped_gemm/rt1-glm-5.3-flash-w13-tp1-ep8-r6-prefill-t1024-balanced,prefill,route-tp-v1,labels,glm-5.3-flash,w13,8,1,0,6,1024,balanced,36,,12800,,128,4096,4096,4096,520.1759999999999,471.04,0.9055396634985083,0.9055118110236221,0.9055118110236221,0.9055396634985083,True,7063ee67-17ea-4c98-ad10-5667b325b998,3f488d20-1527-42a4-a124-088ab8ad6bdf,interleaved-v1,True,True,3,860,624,41
grouped_gemm/rt1-glm-5.3-flash-w13-tp1-ep8-r7-prefill-t1024-balanced,prefill,route-tp-v1,labels,glm-5.3-flash,w13,8,1,0,7,1024,balanced,36,,12800,,128,4096,4096,4096,520.192,471.04,0.9055118110236221,0.9055118110236221,0.9055118110236221,0.9055118110236221,True,7063ee67-17ea-4c98-ad10-5667b325b998,3f488d20-1527-42a4-a124-088ab8ad6bdf,interleaved-v1,True,True,3,860,624,41
grouped_gemm/rt1-glm-5.3-flash-w2-tp1-ep8-r0-prefill-t1024-balanced,prefill,route-tp-v1,labels,glm-5.3-flash,w2,8,1,0,0,1024,balanced,36,,12800,,128,4096,2048,2048,280.576,251.904,0.8978102189781021,0.8978102189781021,0.8978102189781021,0.8978102189781021,True,7063ee67-17ea-4c98-ad10-5667b325b998,3f488d20-1527-42a4-a124-088ab8ad6bdf,interleaved-v1,True,True,3,860,624,41
grouped_gemm/rt1-glm-5.3-flash-w2-tp1-ep8-r1-prefill-t1024-balanced,prefill,route-tp-v1,labels,glm-5.3-flash,w2,8,1,0,1,1024,balanced,36,,12800,,128,4096,2048,2048,282.592,251.904,0.8914052768655871,0.8914052768655871,0.8914052768655871,0.8914052768655871,True,7063ee67-17ea-4c98-ad10-5667b325b998,3f488d20-1527-42a4-a124-088ab8ad6bdf,interleaved-v1,True,True,3,860,624,41
grouped_gemm/rt1-glm-5.3-flash-w2-tp1-ep8-r2-prefill-t1024-balanced,prefill,route-tp-v1,labels,glm-5.3-flash,w2,8,1,0,2,1024,balanced,36,,12800,,128,4096,2048,2048,284.64,251.904,0.8849915682967959,0.8849915682967959,0.8866861905834648,0.8866861905834648,True,7063ee67-17ea-4c98-ad10-5667b325b998,3f488d20-1527-42a4-a124-088ab8ad6bdf,interleaved-v1,True,True,3,860,624,41
grouped_gemm/rt1-glm-5.3-flash-w2-tp1-ep8-r3-prefill-t1024-balanced,prefill,route-tp-v1,labels,glm-5.3-flash,w2,8,1,0,3,1024,balanced,36,,12800,,128,4096,2048,2048,284.64,251.904,0.8849915682967959,0.8849915682967959,0.8849915682967959,0.8849915682967959,True,7063ee67-17ea-4c98-ad10-5667b325b998,3f488d20-1527-42a4-a124-088ab8ad6bdf,interleaved-v1,True,True,3,860,624,42
grouped_gemm/rt1-glm-5.3-flash-w2-tp1-ep8-r4-prefill-t1024-balanced,prefill,route-tp-v1,labels,glm-5.3-flash,w2,8,1,0,4,1024,balanced,36,,12800,,128,4096,2048,2048,282.592,251.904,0.8914052768655871,0.8914052768655871,0.8914052768655871,0.8914052768655871,True,7063ee67-17ea-4c98-ad10-5667b325b998,3f488d20-1527-42a4-a124-088ab8ad6bdf,interleaved-v1,True,True,3,860,624,42
grouped_gemm/rt1-glm-5.3-flash-w2-tp1-ep8-r5-prefill-t1024-balanced,prefill,route-tp-v1,labels,glm-5.3-flash,w2,8,1,0,5,1024,balanced,36,,12800,,128,4096,2048,2048,282.624,251.904,0.8913043478260869,0.8913043478260869,0.8913043478260869,0.8913043478260869,True,7063ee67-17ea-4c98-ad10-5667b325b998,3f488d20-1527-42a4-a124-088ab8ad6bdf,interleaved-v1,True,True,3,860,624,42
grouped_gemm/rt1-glm-5.3-flash-w2-tp1-ep8-r6-prefill-t1024-balanced,prefill,route-tp-v1,labels,glm-5.3-flash,w2,8,1,0,6,1024,balanced,36,,12800,,128,4096,2048,2048,282.624,251.904,0.8913043478260869,0.8913043478260869,0.8913043478260869,0.8913043478260869,True,7063ee67-17ea-4c98-ad10-5667b325b998,3f488d20-1527-42a4-a124-088ab8ad6bdf,interleaved-v1,True,True,3,860,624,42
grouped_gemm/rt1-glm-5.3-flash-w2-tp1-ep8-r7-prefill-t1024-balanced,prefill,route-tp-v1,labels,glm-5.3-flash,w2,8,1,0,7,1024,balanced,36,,12800,,128,4096,2048,2048,282.592,251.904,0.8914052768655871,0.8913043478260869,0.8913043478260869,0.8914052768655871,True,7063ee67-17ea-4c98-ad10-5667b325b998,3f488d20-1527-42a4-a124-088ab8ad6bdf,interleaved-v1,True,True,3,860,624,42
grouped_gemm/rt1-glm-5.3-flash-w13-tp1-ep8-r0-prefill-t8192-zipf,prefill,route-tp-v1,labels,glm-5.3-flash,w13,8,1,0,0,8192,zipf,36,,70144,,128,4096,4096,4096,1040.384,985.088,0.9468503937007874,0.9468503937007874,0.9468503937007874,0.9468503937007874,True,7063ee67-17ea-4c98-ad10-5667b325b998,3f488d20-1527-42a4-a124-088ab8ad6bdf,interleaved-v1,True,True,3,860,624,42
grouped_gemm/rt1-glm-5.3-flash-w13-tp1-ep8-r1-prefill-t8192-zipf,prefill,route-tp-v1,labels,glm-5.3-flash,w13,8,1,0,1,8192,zipf,36,,70144,,128,4096,4096,4096,1120.256,1060.864,0.9469835466179158,0.9451553930530164,0.9469835466179158,0.9469835466179158,True,7063ee67-17ea-4c98-ad10-5667b325b998,3f488d20-1527-42a4-a124-088ab8ad6bdf,interleaved-v1,True,True,3,860,624,42
grouped_gemm/rt1-glm-5.3-flash-w13-tp1-ep8-r2-prefill-t8192-zipf,prefill,route-tp-v1,labels,glm-5.3-flash,w13,8,1,0,2,8192,zipf,36,,70144,,128,4096,4096,4096,987.136,944.128,0.9564315352697096,0.9543568464730291,0.9543568464730291,0.9564315352697096,True,7063ee67-17ea-4c98-ad10-5667b325b998,3f488d20-1527-42a4-a124-088ab8ad6bdf,interleaved-v1,True,True,3,860,624,42
grouped_gemm/rt1-glm-5.3-flash-w13-tp1-ep8-r3-prefill-t8192-zipf,prefill,route-tp-v1,labels,glm-5.3-flash,w13,8,1,0,3,8192,zipf,36,,70144,,128,4096,4096,4096,923.648,867.328,0.9390243902439024,0.938069311209057,0.9380530973451326,0.9390243902439024,True,7063ee67-17ea-4c98-ad10-5667b325b998,3f488d20-1527-42a4-a124-088ab8ad6bdf,interleaved-v1,True,True,3,860,624,43
grouped_gemm/rt1-glm-5.3-flash-w13-tp1-ep8-r4-prefill-t8192-zipf,prefill,route-tp-v1,labels,glm-5.3-flash,w13,8,1,0,4,8192,zipf,36,,70144,,128,4096,4096,4096,892.928,856.064,0.9587155963302751,0.9587155963302751,0.9587155963302751,0.9587155963302751,True,7063ee67-17ea-4c98-ad10-5667b325b998,3f488d20-1527-42a4-a124-088ab8ad6bdf,interleaved-v1,True,True,3,860,624,43
grouped_gemm/rt1-glm-5.3-flash-w13-tp1-ep8-r5-prefill-t8192-zipf,prefill,route-tp-v1,labels,glm-5.3-flash,w13,8,1,0,5,8192,zipf,36,,70144,,128,4096,4096,4096,970.752,907.264,0.9345991561181435,0.9345991561181435,0.9367088607594938,0.9367088607594938,True,7063ee67-17ea-4c98-ad10-5667b325b998,3f488d20-1527-42a4-a124-088ab8ad6bdf,interleaved-v1,True,True,3,860,624,43
grouped_gemm/rt1-glm-5.3-flash-w13-tp1-ep8-r6-prefill-t8192-zipf,prefill,route-tp-v1,labels,glm-5.3-flash,w13,8,1,0,6,8192,zipf,36,,70144,,128,4096,4096,4096,983.04,927.744,0.9437500000000001,0.9437500000000001,0.9437500000000001,0.9437500000000001,True,7063ee67-17ea-4c98-ad10-5667b325b998,3f488d20-1527-42a4-a124-088ab8ad6bdf,interleaved-v1,True,True,3,860,624,43
grouped_gemm/rt1-glm-5.3-flash-w13-tp1-ep8-r7-prefill-t8192-zipf,prefill,route-tp-v1,labels,glm-5.3-flash,w13,8,1,0,7,8192,zipf,36,,70144,,128,4096,4096,4096,1191.936,1138.688,0.9553264604810998,0.9553264604810998,0.9553264604810998,0.9553264604810998,True,7063ee67-17ea-4c98-ad10-5667b325b998,3f488d20-1527-42a4-a124-088ab8ad6bdf,interleaved-v1,True,True,3,860,624,43
grouped_gemm/rt1-glm-5.3-flash-w2-tp1-ep8-r0-prefill-t8192-zipf,prefill,route-tp-v1,labels,glm-5.3-flash,w2,8,1,0,0,8192,zipf,36,,70144,,128,4096,2048,2048,702.464,661.504,0.9416909620991253,0.944606413994169,0.9416909620991253,0.944606413994169,True,7063ee67-17ea-4c98-ad10-5667b325b998,3f488d20-1527-42a4-a124-088ab8ad6bdf,interleaved-v1,True,True,3,860,624,43
grouped_gemm/rt1-glm-5.3-flash-w2-tp1-ep8-r1-prefill-t8192-zipf,prefill,route-tp-v1,labels,glm-5.3-flash,w2,8,1,0,1,8192,zipf,36,,70144,,128,4096,2048,2048,735.232,698.368,0.9498607242339834,0.9470752089136492,0.9502122564493306,0.9502122564493306,True,7063ee67-17ea-4c98-ad10-5667b325b998,3f488d20-1527-42a4-a124-088ab8ad6bdf,interleaved-v1,True,True,3,860,624,43
grouped_gemm/rt1-glm-5.3-flash-w2-tp1-ep8-r2-prefill-t8192-zipf,prefill,route-tp-v1,labels,glm-5.3-flash,w2,8,1,0,2,8192,zipf,36,,70144,,128,4096,2048,2048,667.648,643.072,0.9631901840490797,0.9631901840490797,0.9631901840490797,0.9631901840490797,True,7063ee67-17ea-4c98-ad10-5667b325b998,3f488d20-1527-42a4-a124-088ab8ad6bdf,interleaved-v1,True,True,3,860,624,43
grouped_gemm/rt1-glm-5.3-flash-w2-tp1-ep8-r3-prefill-t8192-zipf,prefill,route-tp-v1,labels,glm-5.3-flash,w2,8,1,0,3,8192,zipf,36,,70144,,128,4096,2048,2048,636.928,604.16,0.9485530546623794,0.9485530546623794,0.9485530546623794,0.9485530546623794,True,7063ee67-17ea-4c98-ad10-5667b325b998,3f488d20-1527-42a4-a124-088ab8ad6bdf,interleaved-v1,True,True,3,860,624,44
grouped_gemm/rt1-glm-5.3-flash-w2-tp1-ep8-r4-prefill-t8192-zipf,prefill,route-tp-v1,labels,glm-5.3-flash,w2,8,1,0,4,8192,zipf,36,,70144,,128,4096,2048,2048,622.592,593.92,0.9539473684210525,0.9539473684210525,0.9539473684210525,0.9539473684210525,True,7063ee67-17ea-4c98-ad10-5667b325b998,3f488d20-1527-42a4-a124-088ab8ad6bdf,interleaved-v1,True,True,3,860,624,44
grouped_gemm/rt1-glm-5.3-flash-w2-tp1-ep8-r5-prefill-t8192-zipf,prefill,route-tp-v1,labels,glm-5.3-flash,w2,8,1,0,5,8192,zipf,36,,70144,,128,4096,2048,2048,665.6,614.4,0.923076923076923,0.9259259259259258,0.9259259259259258,0.9259259259259258,True,7063ee67-17ea-4c98-ad10-5667b325b998,3f488d20-1527-42a4-a124-088ab8ad6bdf,interleaved-v1,True,True,3,860,624,44
grouped_gemm/rt1-glm-5.3-flash-w2-tp1-ep8-r6-prefill-t8192-zipf,prefill,route-tp-v1,labels,glm-5.3-flash,w2,8,1,0,6,8192,zipf,36,,70144,,128,4096,2048,2048,661.504,620.544,0.9380804953560371,0.9396284829721362,0.9380804953560371,0.9396284829721362,True,7063ee67-17ea-4c98-ad10-5667b325b998,3f488d20-1527-42a4-a124-088ab8ad6bdf,interleaved-v1,True,True,3,860,624,44
grouped_gemm/rt1-glm-5.3-flash-w2-tp1-ep8-r7-prefill-t8192-zipf,prefill,route-tp-v1,labels,glm-5.3-flash,w2,8,1,0,7,8192,zipf,36,,70144,,128,4096,2048,2048,761.856,727.04,0.9543010752688171,0.9517426273458445,0.9517426273458445,0.9543010752688171,True,7063ee67-17ea-4c98-ad10-5667b325b998,3f488d20-1527-42a4-a124-088ab8ad6bdf,interleaved-v1,True,True,3,860,624,44
grouped_gemm/rt1-glm-5.3-w13-tp1-ep4-r0-prefill-t1024-balanced,prefill,route-tp-v1,labels,glm-5.3,w13,4,1,0,0,1024,balanced,64,,16384,,128,4096,6144,6144,1326.08,1245.184,0.938996138996139,0.9382716049382716,0.9382716049382716,0.938996138996139,True,7063ee67-17ea-4c98-ad10-5667b325b998,3f488d20-1527-42a4-a124-088ab8ad6bdf,interleaved-v1,True,True,3,860,624,44
grouped_gemm/rt1-glm-5.3-w13-tp1-ep4-r1-prefill-t1024-balanced,prefill,route-tp-v1,labels,glm-5.3,w13,4,1,0,1,1024,balanced,64,,16384,,128,4096,6144,6144,1331.2,1249.28,0.9384615384615385,0.9384375,0.9376802884615384,0.9384615384615385,True,7063ee67-17ea-4c98-ad10-5667b325b998,3f488d20-1527-42a4-a124-088ab8ad6bdf,interleaved-v1,True,True,3,860,624,44
grouped_gemm/rt1-glm-5.3-w13-tp1-ep4-r2-prefill-t1024-balanced,prefill,route-tp-v1,labels,glm-5.3,w13,4,1,0,2,1024,balanced,64,,16384,,128,4096,6144,6144,1331.2,1245.6799999999998,0.9357572115384614,0.9368990384615384,0.9369230769230769,0.9369230769230769,True,7063ee67-17ea-4c98-ad10-5667b325b998,3f488d20-1527-42a4-a124-088ab8ad6bdf,interleaved-v1,True,True,3,860,624,44
grouped_gemm/rt1-glm-5.3-w13-tp1-ep4-r3-prefill-t1024-balanced,prefill,route-tp-v1,labels,glm-5.3,w13,4,1,0,3,1024,balanced,64,,16384,,128,4096,6144,6144,1325.056,1243.136,0.9381761978361669,0.9367042824074074,0.9381520479134466,0.9381761978361669,True,7063ee67-17ea-4c98-ad10-5667b325b998,3f488d20-1527-42a4-a124-088ab8ad6bdf,interleaved-v1,True,True,3,860,624,45
grouped_gemm/rt1-glm-5.3-w2-tp1-ep4-r0-prefill-t1024-balanced,prefill,route-tp-v1,labels,glm-5.3,w2,4,1,0,0,1024,balanced,64,,16384,,128,6144,2048,2048,733.184,702.464,0.958100558659218,0.958100558659218,0.958100558659218,0.958100558659218,True,7063ee67-17ea-4c98-ad10-5667b325b998,3f488d20-1527-42a4-a124-088ab8ad6bdf,interleaved-v1,True,True,3,860,624,45
grouped_gemm/rt1-glm-5.3-w2-tp1-ep4-r1-prefill-t1024-balanced,prefill,route-tp-v1,labels,glm-5.3,w2,4,1,0,1,1024,balanced,64,,16384,,128,6144,2048,2048,733.184,698.368,0.9525139664804471,0.9553072625698326,0.9552854399441343,0.9553072625698326,True,7063ee67-17ea-4c98-ad10-5667b325b998,3f488d20-1527-42a4-a124-088ab8ad6bdf,interleaved-v1,True,True,3,860,624,45
grouped_gemm/rt1-glm-5.3-w2-tp1-ep4-r2-prefill-t1024-balanced,prefill,route-tp-v1,labels,glm-5.3,w2,4,1,0,2,1024,balanced,64,,16384,,128,6144,2048,2048,735.232,698.368,0.9498607242339834,0.9498607242339834,0.9498607242339834,0.9498607242339834,True,7063ee67-17ea-4c98-ad10-5667b325b998,3f488d20-1527-42a4-a124-088ab8ad6bdf,interleaved-v1,True,True,3,860,624,45
grouped_gemm/rt1-glm-5.3-w2-tp1-ep4-r3-prefill-t1024-balanced,prefill,route-tp-v1,labels,glm-5.3,w2,4,1,0,3,1024,balanced,64,,16384,,128,6144,2048,2048,735.232,699.376,0.9512317200557103,0.9498607242339834,0.9498607242339834,0.9512317200557103,True,7063ee67-17ea-4c98-ad10-5667b325b998,3f488d20-1527-42a4-a124-088ab8ad6bdf,interleaved-v1,True,True,3,860,624,45
grouped_gemm/rt1-glm-5.3-w13-tp1-ep4-r0-prefill-t8192-zipf,prefill,route-tp-v1,labels,glm-5.3,w13,4,1,0,0,8192,zipf,64,,73728,,128,4096,6144,6144,2234.368,2148.864,0.9617323556370303,0.9616087751371115,0.9623373658981967,0.9623373658981967,True,7063ee67-17ea-4c98-ad10-5667b325b998,3f488d20-1527-42a4-a124-088ab8ad6bdf,interleaved-v1,True,True,3,860,624,45
grouped_gemm/rt1-glm-5.3-w13-tp1-ep4-r1-prefill-t8192-zipf,prefill,route-tp-v1,labels,glm-5.3,w13,4,1,0,1,8192,zipf,64,,73728,,128,4096,6144,6144,2336.768,2245.632,0.9609991235758107,0.9600694444444446,0.9601040763226366,0.9609991235758107,True,7063ee67-17ea-4c98-ad10-5667b325b998,3f488d20-1527-42a4-a124-088ab8ad6bdf,interleaved-v1,True,True,3,860,624,45
grouped_gemm/rt1-glm-5.3-w13-tp1-ep4-r2-prefill-t8192-zipf,prefill,route-tp-v1,labels,glm-5.3,w13,4,1,0,2,8192,zipf,64,,73728,,128,4096,6144,6144,2127.3599999999997,2018.816,0.9489771359807463,0.9489894128970164,0.9489894128970164,0.9489894128970164,True,7063ee67-17ea-4c98-ad10-5667b325b998,3f488d20-1527-42a4-a124-088ab8ad6bdf,interleaved-v1,True,True,3,860,624,45
grouped_gemm/rt1-glm-5.3-w13-tp1-ep4-r3-prefill-t8192-zipf,prefill,route-tp-v1,labels,glm-5.3,w13,4,1,0,3,8192,zipf,64,,73728,,128,4096,6144,6144,2084.864,1992.704,0.9557956777996071,0.9553921568627451,0.9553998161764705,0.9557956777996071,True,7063ee67-17ea-4c98-ad10-5667b325b998,3f488d20-1527-42a4-a124-088ab8ad6bdf,interleaved-v1,True,True,3,860,624,46
grouped_gemm/rt1-glm-5.3-w2-tp1-ep4-r0-prefill-t8192-zipf,prefill,route-tp-v1,labels,glm-5.3,w2,4,1,0,0,8192,zipf,64,,73728,,128,6144,2048,2048,1449.984,1382.4,0.9533898305084747,0.9533898305084747,0.9533898305084747,0.9533898305084747,True,7063ee67-17ea-4c98-ad10-5667b325b998,3f488d20-1527-42a4-a124-088ab8ad6bdf,interleaved-v1,True,True,3,860,624,46
grouped_gemm/rt1-glm-5.3-w2-tp1-ep4-r1-prefill-t8192-zipf,prefill,route-tp-v1,labels,glm-5.3,w2,4,1,0,1,8192,zipf,64,,73728,,128,6144,2048,2048,1482.752,1404.928,0.9475138121546962,0.9488950276243096,0.9488950276243096,0.9488950276243096,True,7063ee67-17ea-4c98-ad10-5667b325b998,3f488d20-1527-42a4-a124-088ab8ad6bdf,interleaved-v1,True,True,3,860,624,46
grouped_gemm/rt1-glm-5.3-w2-tp1-ep4-r2-prefill-t8192-zipf,prefill,route-tp-v1,labels,glm-5.3,w2,4,1,0,2,8192,zipf,64,,73728,,128,6144,2048,2048,1402.88,1337.344,0.9532846715328467,0.9518248175182481,0.9518248175182481,0.9532846715328467,True,7063ee67-17ea-4c98-ad10-5667b325b998,3f488d20-1527-42a4-a124-088ab8ad6bdf,interleaved-v1,True,True,3,860,624,46
grouped_gemm/rt1-glm-5.3-w2-tp1-ep4-r3-prefill-t8192-zipf,prefill,route-tp-v1,labels,glm-5.3,w2,4,1,0,3,8192,zipf,64,,73728,,128,6144,2048,2048,1390.592,1332.2240000000002,0.9580265095729014,0.9572901325478644,0.9587628865979381,0.9587628865979381,True,7063ee67-17ea-4c98-ad10-5667b325b998,3f488d20-1527-42a4-a124-088ab8ad6bdf,interleaved-v1,True,True,3,860,624,46
grouped_gemm/masked-decode-g8-live-a,decode,legacy,masked,,,,,,,,,8,35,,32,,2112,7168,,147.456,88.032,0.5970052083333334,,,0.5970052083333334,True,05e452b7-fe1e-49bc-b1ea-0c01cd7fb220,a8cfdb3c-84fd-47b2-9ab6-a8d967d184a1,interleaved-v1,True,False,1,60,625,0
grouped_gemm/masked-decode-g8-live-b,decode,legacy,masked,,,,,,,,,8,35,,32,,2112,7168,,147.456,88.032,0.5970052083333334,,,0.5970052083333334,True,05e452b7-fe1e-49bc-b1ea-0c01cd7fb220,a8cfdb3c-84fd-47b2-9ab6-a8d967d184a1,interleaved-v1,True,False,1,60,625,0
grouped_gemm/m-dsv41-flash-w13-ep1-bs1-balanced,decode,legacy,masked,dsv41-flash,w13,1,,,,,,384,128,,1,,4608,5120,,382.624,116.656,0.3048841682696328,,,0.3048841682696328,True,05e452b7-fe1e-49bc-b1ea-0c01cd7fb220,a8cfdb3c-84fd-47b2-9ab6-a8d967d184a1,interleaved-v1,True,False,1,60,625,0
grouped_gemm/m-dsv41-flash-w13-ep1-bs1-zipf,decode,legacy,masked,dsv41-flash,w13,1,,,,,,384,128,,1,,4608,5120,,343.712,99.936,0.29075505074015456,,,0.29075505074015456,True,05e452b7-fe1e-49bc-b1ea-0c01cd7fb220,a8cfdb3c-84fd-47b2-9ab6-a8d967d184a1,interleaved-v1,True,False,1,60,625,0
grouped_gemm/m-dsv41-flash-w13-ep1-bs1-hot,decode,legacy,masked,dsv41-flash,w13,1,,,,,,384,128,,1,,4608,5120,,307.2,69.6,0.2265625,,,0.2265625,True,05e452b7-fe1e-49bc-b1ea-0c01cd7fb220,a8cfdb3c-84fd-47b2-9ab6-a8d967d184a1,interleaved-v1,True,False,1,60,625,0
grouped_gemm/m-dsv41-flash-w13-ep1-bs4-balanced,decode,legacy,masked,dsv41-flash,w13,1,,,,,,384,128,,1,,4608,5120,,673.456,421.504,0.6258820175334394,,,0.6258820175334394,True,05e452b7-fe1e-49bc-b1ea-0c01cd7fb220,a8cfdb3c-84fd-47b2-9ab6-a8d967d184a1,interleaved-v1,True,False,1,60,625,0
grouped_gemm/m-dsv41-flash-w13-ep1-bs4-zipf,decode,legacy,masked,dsv41-flash,w13,1,,,,,,384,128,,1,,4608,5120,,526.1759999999999,286.72,0.5449127288207749,,,0.5449127288207749,True,05e452b7-fe1e-49bc-b1ea-0c01cd7fb220,a8cfdb3c-84fd-47b2-9ab6-a8d967d184a1,interleaved-v1,True,False,1,60,625,0
grouped_gemm/m-dsv41-flash-w13-ep1-bs4-hot,decode,legacy,masked,dsv41-flash,w13,1,,,,,,384,128,,1,,4608,5120,,423.936,182.272,0.42995169082125606,,,0.42995169082125606,True,05e452b7-fe1e-49bc-b1ea-0c01cd7fb220,a8cfdb3c-84fd-47b2-9ab6-a8d967d184a1,interleaved-v1,True,False,1,60,625,0
grouped_gemm/m-dsv41-flash-w13-ep1-bs16-balanced,decode,legacy,masked,dsv41-flash,w13,1,,,,,,384,128,,1,,4608,5120,,1892.352,1646.208,0.869926948051948,0.8701298701298701,0.8701298701298701,0.8701298701298701,True,05e452b7-fe1e-49bc-b1ea-0c01cd7fb220,a8cfdb3c-84fd-47b2-9ab6-a8d967d184a1,interleaved-v1,True,True,3,860,625,1
grouped_gemm/m-dsv41-flash-w13-ep1-bs16-zipf,decode,legacy,masked,dsv41-flash,w13,1,,,,,,384,128,,1,,4608,5120,,958.464,732.768,0.7645232371794871,,,0.7645232371794871,True,05e452b7-fe1e-49bc-b1ea-0c01cd7fb220,a8cfdb3c-84fd-47b2-9ab6-a8d967d184a1,interleaved-v1,True,False,1,60,625,1
grouped_gemm/m-dsv41-flash-w13-ep1-bs16-hot,decode,legacy,masked,dsv41-flash,w13,1,,,,,,384,128,,1,,4608,5120,,927.744,679.936,0.7328918322295805,,,0.7328918322295805,True,05e452b7-fe1e-49bc-b1ea-0c01cd7fb220,a8cfdb3c-84fd-47b2-9ab6-a8d967d184a1,interleaved-v1,True,False,1,60,625,1
grouped_gemm/m-dsv41-flash-w13-ep1-bs64-balanced,decode,legacy,masked,dsv41-flash,w13,1,,,,,,384,128,,1,,4608,5120,,6775.808,6592.832,0.9729956929121959,,,0.9729956929121959,True,05e452b7-fe1e-49bc-b1ea-0c01cd7fb220,a8cfdb3c-84fd-47b2-9ab6-a8d967d184a1,interleaved-v1,True,False,1,60,625,1
grouped_gemm/m-dsv41-flash-w13-ep1-bs64-zipf,decode,legacy,masked,dsv41-flash,w13,1,,,,,,384,128,,1,,4608,5120,,2204.928,1981.44,0.8986415882967608,0.8986988847583642,0.8982814677194612,0.8986988847583642,True,05e452b7-fe1e-49bc-b1ea-0c01cd7fb220,a8cfdb3c-84fd-47b2-9ab6-a8d967d184a1,interleaved-v1,True,True,3,860,625,1
grouped_gemm/m-dsv41-flash-w13-ep1-bs64-hot,decode,legacy,masked,dsv41-flash,w13,1,,,,,,384,128,,1,,4608,5120,,2869.248,2648.3360000000002,0.9230070039257674,,,0.9230070039257674,True,05e452b7-fe1e-49bc-b1ea-0c01cd7fb220,a8cfdb3c-84fd-47b2-9ab6-a8d967d184a1,interleaved-v1,True,False,1,60,625,1
grouped_gemm/m-dsv41-flash-w13-ep1-bs128-balanced,decode,legacy,masked,dsv41-flash,w13,1,,,,,,384,128,,2,,4608,5120,,6768.4,6590.064,0.9736516754328941,,,0.9736516754328941,True,05e452b7-fe1e-49bc-b1ea-0c01cd7fb220,a8cfdb3c-84fd-47b2-9ab6-a8d967d184a1,interleaved-v1,True,False,1,60,625,1
grouped_gemm/m-dsv41-flash-w13-ep1-bs128-zipf,decode,legacy,masked,dsv41-flash,w13,1,,,,,,384,128,,2,,4608,5120,,3840.0,3647.2479999999996,0.9498041666666666,,,0.9498041666666666,True,05e452b7-fe1e-49bc-b1ea-0c01cd7fb220,a8cfdb3c-84fd-47b2-9ab6-a8d967d184a1,interleaved-v1,True,False,1,60,625,1
grouped_gemm/m-dsv41-flash-w13-ep1-bs128-hot,decode,legacy,masked,dsv41-flash,w13,1,,,,,,384,128,,2,,4608,5120,,5921.792,5742.592,0.9697388898495589,,,0.9697388898495589,True,05e452b7-fe1e-49bc-b1ea-0c01cd7fb220,a8cfdb3c-84fd-47b2-9ab6-a8d967d184a1,interleaved-v1,True,False,1,60,625,2
grouped_gemm/m-dsv41-flash-w13-ep4-bs1-balanced,decode,legacy,masked,dsv41-flash,w13,4,,,,,,96,128,,1,,4608,5120,,94.208,45.056,0.47826086956521735,,,0.47826086956521735,True,05e452b7-fe1e-49bc-b1ea-0c01cd7fb220,a8cfdb3c-84fd-47b2-9ab6-a8d967d184a1,interleaved-v1,True,False,1,60,625,2
grouped_gemm/m-dsv41-flash-w13-ep4-bs1-zipf,decode,legacy,masked,dsv41-flash,w13,4,,,,,,96,128,,1,,4608,5120,,96.256,45.056,0.4680851063829787,,,0.4680851063829787,True,05e452b7-fe1e-49bc-b1ea-0c01cd7fb220,a8cfdb3c-84fd-47b2-9ab6-a8d967d184a1,interleaved-v1,True,False,1,60,625,2
grouped_gemm/m-dsv41-flash-w13-ep4-bs1-hot,decode,legacy,masked,dsv41-flash,w13,4,,,,,,96,128,,1,,4608,5120,,83.968,30.304,0.3608993902439024,,,0.3608993902439024,True,05e452b7-fe1e-49bc-b1ea-0c01cd7fb220,a8cfdb3c-84fd-47b2-9ab6-a8d967d184a1,interleaved-v1,True,False,1,60,625,2
grouped_gemm/m-dsv41-flash-w13-ep4-bs4-balanced,decode,legacy,masked,dsv41-flash,w13,4,,,,,,96,128,,1,,4608,5120,,180.224,110.56,0.6134588068181819,,,0.6134588068181819,True,05e452b7-fe1e-49bc-b1ea-0c01cd7fb220,a8cfdb3c-84fd-47b2-9ab6-a8d967d184a1,interleaved-v1,True,False,1,60,625,2
grouped_gemm/m-dsv41-flash-w13-ep4-bs4-zipf,decode,legacy,masked,dsv41-flash,w13,4,,,,,,96,128,,1,,4608,5120,,153.6,93.792,0.6106250000000001,,,0.6106250000000001,True,05e452b7-fe1e-49bc-b1ea-0c01cd7fb220,a8cfdb3c-84fd-47b2-9ab6-a8d967d184a1,interleaved-v1,True,False,1,60,625,2
grouped_gemm/m-dsv41-flash-w13-ep4-bs4-hot,decode,legacy,masked,dsv41-flash,w13,4,,,,,,96,128,,1,,4608,5120,,112.64,65.136,0.5782670454545454,,,0.5782670454545454,True,05e452b7-fe1e-49bc-b1ea-0c01cd7fb220,a8cfdb3c-84fd-47b2-9ab6-a8d967d184a1,interleaved-v1,True,False,1,60,625,2
grouped_gemm/m-dsv41-flash-w13-ep4-bs16-balanced,decode,legacy,masked,dsv41-flash,w13,4,,,,,,96,128,,1,,4608,5120,,475.136,419.344,0.8825767780172413,,,0.8825767780172413,True,05e452b7-fe1e-49bc-b1ea-0c01cd7fb220,a8cfdb3c-84fd-47b2-9ab6-a8d967d184a1,interleaved-v1,True,False,1,60,625,2
grouped_gemm/m-dsv41-flash-w13-ep4-bs16-zipf,decode,legacy,masked,dsv41-flash,w13,4,,,,,,96,128,,1,,4608,5120,,302.72,248.576,0.8211416490486257,,,0.8211416490486257,True,05e452b7-fe1e-49bc-b1ea-0c01cd7fb220,a8cfdb3c-84fd-47b2-9ab6-a8d967d184a1,interleaved-v1,True,False,1,60,625,3
grouped_gemm/m-dsv41-flash-w13-ep4-bs16-hot,decode,legacy,masked,dsv41-flash,w13,4,,,,,,96,128,,1,,4608,5120,,239.184,180.192,0.7533614288581176,,,0.7533614288581176,True,05e452b7-fe1e-49bc-b1ea-0c01cd7fb220,a8cfdb3c-84fd-47b2-9ab6-a8d967d184a1,interleaved-v1,True,False,1,60,625,3
grouped_gemm/m-dsv41-flash-w13-ep4-bs64-balanced,decode,legacy,masked,dsv41-flash,w13,4,,,,,,96,128,,1,,4608,5120,,1694.496,1648.64,0.9729382660094801,,,0.9729382660094801,True,05e452b7-fe1e-49bc-b1ea-0c01cd7fb220,a8cfdb3c-84fd-47b2-9ab6-a8d967d184a1,interleaved-v1,True,False,1,60,625,3
grouped_gemm/m-dsv41-flash-w13-ep4-bs64-zipf,decode,legacy,masked,dsv41-flash,w13,4,,,,,,96,128,,1,,4608,5120,,692.224,643.072,0.9289940828402367,,,0.9289940828402367,True,05e452b7-fe1e-49bc-b1ea-0c01cd7fb220,a8cfdb3c-84fd-47b2-9ab6-a8d967d184a1,interleaved-v1,True,False,1,60,625,3
grouped_gemm/m-dsv41-flash-w13-ep4-bs64-hot,decode,legacy,masked,dsv41-flash,w13,4,,,,,,96,128,,1,,4608,5120,,730.768,675.8240000000001,0.9248133470540583,,,0.9248133470540583,True,05e452b7-fe1e-49bc-b1ea-0c01cd7fb220,a8cfdb3c-84fd-47b2-9ab6-a8d967d184a1,interleaved-v1,True,False,1,60,625,3
grouped_gemm/m-dsv41-flash-w13-ep4-bs128-balanced,decode,legacy,masked,dsv41-flash,w13,4,,,,,,96,128,,2,,4608,5120,,1695.3600000000001,1648.64,0.9724424311060778,,,0.9724424311060778,True,05e452b7-fe1e-49bc-b1ea-0c01cd7fb220,a8cfdb3c-84fd-47b2-9ab6-a8d967d184a1,interleaved-v1,True,False,1,60,625,3
grouped_gemm/m-dsv41-flash-w13-ep4-bs128-zipf,decode,legacy,masked,dsv41-flash,w13,4,,,,,,96,128,,2,,4608,5120,,1030.1280000000002,985.088,0.9562772781634902,,,0.9562772781634902,True,05e452b7-fe1e-49bc-b1ea-0c01cd7fb220,a8cfdb3c-84fd-47b2-9ab6-a8d967d184a1,interleaved-v1,True,False,1,60,625,3
grouped_gemm/m-dsv41-flash-w13-ep4-bs128-hot,decode,legacy,masked,dsv41-flash,w13,4,,,,,,96,128,,2,,4608,5120,,1386.496,1349.632,0.9734121122599705,,,0.9734121122599705,True,05e452b7-fe1e-49bc-b1ea-0c01cd7fb220,a8cfdb3c-84fd-47b2-9ab6-a8d967d184a1,interleaved-v1,True,False,1,60,625,3
grouped_gemm/m-dsv41-flash-w13-ep8-bs1-balanced,decode,legacy,masked,dsv41-flash,w13,8,,,,,,48,128,,1,,4608,5120,,57.344,30.287999999999997,0.5281808035714285,,,0.5281808035714285,True,05e452b7-fe1e-49bc-b1ea-0c01cd7fb220,a8cfdb3c-84fd-47b2-9ab6-a8d967d184a1,interleaved-v1,True,False,1,60,625,4
grouped_gemm/m-dsv41-flash-w13-ep8-bs1-zipf,decode,legacy,masked,dsv41-flash,w13,8,,,,,,48,128,,1,,4608,5120,,59.024,30.336,0.5139604228788289,,,0.5139604228788289,True,05e452b7-fe1e-49bc-b1ea-0c01cd7fb220,a8cfdb3c-84fd-47b2-9ab6-a8d967d184a1,interleaved-v1,True,False,1,60,625,4
grouped_gemm/m-dsv41-flash-w13-ep8-bs1-hot,decode,legacy,masked,dsv41-flash,w13,8,,,,,,48,128,,1,,4608,5120,,59.008,30.368,0.514642082429501,,,0.514642082429501,True,05e452b7-fe1e-49bc-b1ea-0c01cd7fb220,a8cfdb3c-84fd-47b2-9ab6-a8d967d184a1,interleaved-v1,True,False,1,60,625,4
grouped_gemm/m-dsv41-flash-w13-ep8-bs4-balanced,decode,legacy,masked,dsv41-flash,w13,8,,,,,,48,128,,1,,4608,5120,,102.4,77.408,0.7559374999999999,,,0.7559374999999999,True,05e452b7-fe1e-49bc-b1ea-0c01cd7fb220,a8cfdb3c-84fd-47b2-9ab6-a8d967d184a1,interleaved-v1,True,False,1,60,625,4
grouped_gemm/m-dsv41-flash-w13-ep8-bs4-zipf,decode,legacy,masked,dsv41-flash,w13,8,,,,,,48,128,,1,,4608,5120,,102.048,77.44,0.7588585763562244,,,0.7588585763562244,True,05e452b7-fe1e-49bc-b1ea-0c01cd7fb220,a8cfdb3c-84fd-47b2-9ab6-a8d967d184a1,interleaved-v1,True,False,1,60,625,4
grouped_gemm/m-dsv41-flash-w13-ep8-bs4-hot,decode,legacy,masked,dsv41-flash,w13,8,,,,,,48,128,,1,,4608,5120,,67.584,45.024,0.6661931818181818,,,0.6661931818181818,True,05e452b7-fe1e-49bc-b1ea-0c01cd7fb220,a8cfdb3c-84fd-47b2-9ab6-a8d967d184a1,interleaved-v1,True,False,1,60,625,4
grouped_gemm/m-dsv41-flash-w13-ep8-bs16-balanced,decode,legacy,masked,dsv41-flash,w13,8,,,,,,48,128,,1,,4608,5120,,315.04,284.672,0.9036058913153886,,,0.9036058913153886,True,05e452b7-fe1e-49bc-b1ea-0c01cd7fb220,a8cfdb3c-84fd-47b2-9ab6-a8d967d184a1,interleaved-v1,True,False,1,60,625,4
grouped_gemm/m-dsv41-flash-w13-ep8-bs16-zipf,decode,legacy,masked,dsv41-flash,w13,8,,,,,,48,128,,1,,4608,5120,,204.8,179.824,0.878046875,,,0.878046875,True,05e452b7-fe1e-49bc-b1ea-0c01cd7fb220,a8cfdb3c-84fd-47b2-9ab6-a8d967d184a1,interleaved-v1,True,False,1,60,625,4
grouped_gemm/m-dsv41-flash-w13-ep8-bs16-hot,decode,legacy,masked,dsv41-flash,w13,8,,,,,,48,128,,1,,4608,5120,,157.696,126.944,0.8049918831168832,,,0.8049918831168832,True,05e452b7-fe1e-49bc-b1ea-0c01cd7fb220,a8cfdb3c-84fd-47b2-9ab6-a8d967d184a1,interleaved-v1,True,False,1,60,625,5
grouped_gemm/m-dsv41-flash-w13-ep8-bs64-balanced,decode,legacy,masked,dsv41-flash,w13,8,,,,,,48,128,,1,,4608,5120,,860.16,827.024,0.9614769345238096,,,0.9614769345238096,True,05e452b7-fe1e-49bc-b1ea-0c01cd7fb220,a8cfdb3c-84fd-47b2-9ab6-a8d967d184a1,interleaved-v1,True,False,1,60,625,5
grouped_gemm/m-dsv41-flash-w13-ep8-bs64-zipf,decode,legacy,masked,dsv41-flash,w13,8,,,,,,48,128,,1,,4608,5120,,458.752,436.224,0.9508928571428571,,,0.9508928571428571,True,05e452b7-fe1e-49bc-b1ea-0c01cd7fb220,a8cfdb3c-84fd-47b2-9ab6-a8d967d184a1,interleaved-v1,True,False,1,60,625,5
grouped_gemm/m-dsv41-flash-w13-ep8-bs64-hot,decode,legacy,masked,dsv41-flash,w13,8,,,,,,48,128,,1,,4608,5120,,477.184,452.608,0.9484978540772532,,,0.9484978540772532,True,05e452b7-fe1e-49bc-b1ea-0c01cd7fb220,a8cfdb3c-84fd-47b2-9ab6-a8d967d184a1,interleaved-v1,True,False,1,60,625,5
grouped_gemm/m-dsv41-flash-w13-ep8-bs128-balanced,decode,legacy,masked,dsv41-flash,w13,8,,,,,,48,128,,2,,4608,5120,,862.0319999999999,827.2,0.9595931473541587,,,0.9595931473541587,True,05e452b7-fe1e-49bc-b1ea-0c01cd7fb220,a8cfdb3c-84fd-47b2-9ab6-a8d967d184a1,interleaved-v1,True,False,1,60,625,5
grouped_gemm/m-dsv41-flash-w13-ep8-bs128-zipf,decode,legacy,masked,dsv41-flash,w13,8,,,,,,48,128,,2,,4608,5120,,663.552,641.024,0.9660493827160493,,,0.9660493827160493,True,05e452b7-fe1e-49bc-b1ea-0c01cd7fb220,a8cfdb3c-84fd-47b2-9ab6-a8d967d184a1,interleaved-v1,True,False,1,60,625,5
grouped_gemm/m-dsv41-flash-w13-ep8-bs128-hot,decode,legacy,masked,dsv41-flash,w13,8,,,,,,48,128,,2,,4608,5120,,851.616,827.392,0.9715552549505881,,,0.9715552549505881,True,05e452b7-fe1e-49bc-b1ea-0c01cd7fb220,a8cfdb3c-84fd-47b2-9ab6-a8d967d184a1,interleaved-v1,True,False,1,60,625,5
grouped_gemm/m-dsv41-flash-w2-ep1-bs1-balanced,decode,legacy,masked,dsv41-flash,w2,1,,,,,,384,128,,1,,5120,2304,,194.56,65.024,0.33421052631578946,,,0.33421052631578946,True,05e452b7-fe1e-49bc-b1ea-0c01cd7fb220,a8cfdb3c-84fd-47b2-9ab6-a8d967d184a1,interleaved-v1,True,False,1,60,625,5
grouped_gemm/m-dsv41-flash-w2-ep1-bs1-zipf,decode,legacy,masked,dsv41-flash,w2,1,,,,,,384,128,,1,,5120,2304,,174.08,59.008,0.33897058823529413,,,0.33897058823529413,True,05e452b7-fe1e-49bc-b1ea-0c01cd7fb220,a8cfdb3c-84fd-47b2-9ab6-a8d967d184a1,interleaved-v1,True,False,1,60,625,6
grouped_gemm/m-dsv41-flash-w2-ep1-bs1-hot,decode,legacy,masked,dsv41-flash,w2,1,,,,,,384,128,,1,,5120,2304,,161.792,42.480000000000004,0.262559335443038,,,0.262559335443038,True,05e452b7-fe1e-49bc-b1ea-0c01cd7fb220,a8cfdb3c-84fd-47b2-9ab6-a8d967d184a1,interleaved-v1,True,False,1,60,625,6
grouped_gemm/m-dsv41-flash-w2-ep1-bs4-balanced,decode,legacy,masked,dsv41-flash,w2,1,,,,,,384,128,,1,,5120,2304,,354.304,217.088,0.6127167630057804,,,0.6127167630057804,True,05e452b7-fe1e-49bc-b1ea-0c01cd7fb220,a8cfdb3c-84fd-47b2-9ab6-a8d967d184a1,interleaved-v1,True,False,1,60,625,6
grouped_gemm/m-dsv41-flash-w2-ep1-bs4-zipf,decode,legacy,masked,dsv41-flash,w2,1,,,,,,384,128,,1,,5120,2304,,269.872,147.424,0.5462737890555522,,,0.5462737890555522,True,05e452b7-fe1e-49bc-b1ea-0c01cd7fb220,a8cfdb3c-84fd-47b2-9ab6-a8d967d184a1,interleaved-v1,True,False,1,60,625,6
grouped_gemm/m-dsv41-flash-w2-ep1-bs4-hot,decode,legacy,masked,dsv41-flash,w2,1,,,,,,384,128,,1,,5120,2304,,228.94400000000002,96.224,0.42029491928157103,,,0.42029491928157103,True,05e452b7-fe1e-49bc-b1ea-0c01cd7fb220,a8cfdb3c-84fd-47b2-9ab6-a8d967d184a1,interleaved-v1,True,False,1,60,625,6
grouped_gemm/m-dsv41-flash-w2-ep1-bs16-balanced,decode,legacy,masked,dsv41-flash,w2,1,,,,,,384,128,,1,,5120,2304,,967.44,843.776,0.872173984949971,,,0.872173984949971,True,05e452b7-fe1e-49bc-b1ea-0c01cd7fb220,a8cfdb3c-84fd-47b2-9ab6-a8d967d184a1,interleaved-v1,True,False,1,60,625,6
grouped_gemm/m-dsv41-flash-w2-ep1-bs16-zipf,decode,legacy,masked,dsv41-flash,w2,1,,,,,,384,128,,1,,5120,2304,,485.376,370.656,0.7636471518987342,,,0.7636471518987342,True,05e452b7-fe1e-49bc-b1ea-0c01cd7fb220,a8cfdb3c-84fd-47b2-9ab6-a8d967d184a1,interleaved-v1,True,False,1,60,625,6
grouped_gemm/m-dsv41-flash-w2-ep1-bs16-hot,decode,legacy,masked,dsv41-flash,w2,1,,,,,,384,128,,1,,5120,2304,,479.232,350.03200000000004,0.7304019764957266,,,0.7304019764957266,True,05e452b7-fe1e-49bc-b1ea-0c01cd7fb220,a8cfdb3c-84fd-47b2-9ab6-a8d967d184a1,interleaved-v1,True,False,1,60,625,6
grouped_gemm/m-dsv41-flash-w2-ep1-bs64-balanced,decode,legacy,masked,dsv41-flash,w2,1,,,,,,384,128,,1,,5120,2304,,3453.952,3353.6,0.9709457456270382,,,0.9709457456270382,True,05e452b7-fe1e-49bc-b1ea-0c01cd7fb220,a8cfdb3c-84fd-47b2-9ab6-a8d967d184a1,interleaved-v1,True,False,1,60,625,7
grouped_gemm/m-dsv41-flash-w2-ep1-bs64-zipf,decode,legacy,masked,dsv41-flash,w2,1,,,,,,384,128,,1,,5120,2304,,1118.208,1005.568,0.8992673992673992,,,0.8992673992673992,True,05e452b7-fe1e-49bc-b1ea-0c01cd7fb220,a8cfdb3c-84fd-47b2-9ab6-a8d967d184a1,interleaved-v1,True,False,1,60,625,7
grouped_gemm/m-dsv41-flash-w2-ep1-bs64-hot,decode,legacy,masked,dsv41-flash,w2,1,,,,,,384,128,,1,,5120,2304,,1461.92,1353.312,0.92570865710846,,,0.92570865710846,True,05e452b7-fe1e-49bc-b1ea-0c01cd7fb220,a8cfdb3c-84fd-47b2-9ab6-a8d967d184a1,interleaved-v1,True,False,1,60,625,7
grouped_gemm/m-dsv41-flash-w2-ep1-bs128-balanced,decode,legacy,masked,dsv41-flash,w2,1,,,,,,384,128,,2,,5120,2304,,3450.5280000000002,3348.128,0.9703233823924918,,,0.9703233823924918,True,05e452b7-fe1e-49bc-b1ea-0c01cd7fb220,a8cfdb3c-84fd-47b2-9ab6-a8d967d184a1,interleaved-v1,True,False,1,60,625,7
grouped_gemm/m-dsv41-flash-w2-ep1-bs128-zipf,decode,legacy,masked,dsv41-flash,w2,1,,,,,,384,128,,2,,5120,2304,,1984.6080000000002,1880.064,0.9473225946887244,,,0.9473225946887244,True,05e452b7-fe1e-49bc-b1ea-0c01cd7fb220,a8cfdb3c-84fd-47b2-9ab6-a8d967d184a1,interleaved-v1,True,False,1,60,625,7
grouped_gemm/m-dsv41-flash-w2-ep1-bs128-hot,decode,legacy,masked,dsv41-flash,w2,1,,,,,,384,128,,2,,5120,2304,,3016.704,2912.256,0.965376782077393,,,0.965376782077393,True,05e452b7-fe1e-49bc-b1ea-0c01cd7fb220,a8cfdb3c-84fd-47b2-9ab6-a8d967d184a1,interleaved-v1,True,False,1,60,625,7
grouped_gemm/m-dsv41-flash-w2-ep4-bs1-balanced,decode,legacy,masked,dsv41-flash,w2,4,,,,,,96,128,,1,,5120,2304,,52.864,26.592,0.5030266343825666,,,0.5030266343825666,True,05e452b7-fe1e-49bc-b1ea-0c01cd7fb220,a8cfdb3c-84fd-47b2-9ab6-a8d967d184a1,interleaved-v1,True,False,1,60,625,7
grouped_gemm/m-dsv41-flash-w2-ep4-bs1-zipf,decode,legacy,masked,dsv41-flash,w2,4,,,,,,96,128,,1,,5120,2304,,52.879999999999995,28.16,0.5325264750378216,,,0.5325264750378216,True,05e452b7-fe1e-49bc-b1ea-0c01cd7fb220,a8cfdb3c-84fd-47b2-9ab6-a8d967d184a1,interleaved-v1,True,False,1,60,625,7
grouped_gemm/m-dsv41-flash-w2-ep4-bs1-hot,decode,legacy,masked,dsv41-flash,w2,4,,,,,,96,128,,1,,5120,2304,,48.768,20.096,0.4120734908136483,,,0.4120734908136483,True,05e452b7-fe1e-49bc-b1ea-0c01cd7fb220,a8cfdb3c-84fd-47b2-9ab6-a8d967d184a1,interleaved-v1,True,False,1,60,625,8
grouped_gemm/m-dsv41-flash-w2-ep4-bs4-balanced,decode,legacy,masked,dsv41-flash,w2,4,,,,,,96,128,,1,,5120,2304,,83.968,59.36,0.7069359756097561,,,0.7069359756097561,True,05e452b7-fe1e-49bc-b1ea-0c01cd7fb220,a8cfdb3c-84fd-47b2-9ab6-a8d967d184a1,interleaved-v1,True,False,1,60,625,8
grouped_gemm/m-dsv41-flash-w2-ep4-bs4-zipf,decode,legacy,masked,dsv41-flash,w2,4,,,,,,96,128,,1,,5120,2304,,75.408,52.912,0.7016762147252281,,,0.7016762147252281,True,05e452b7-fe1e-49bc-b1ea-0c01cd7fb220,a8cfdb3c-84fd-47b2-9ab6-a8d967d184a1,interleaved-v1,True,False,1,60,625,8
grouped_gemm/m-dsv41-flash-w2-ep4-bs4-hot,decode,legacy,masked,dsv41-flash,w2,4,,,,,,96,128,,1,,5120,2304,,61.024,34.784,0.5700052438384897,,,0.5700052438384897,True,05e452b7-fe1e-49bc-b1ea-0c01cd7fb220,a8cfdb3c-84fd-47b2-9ab6-a8d967d184a1,interleaved-v1,True,False,1,60,625,8
grouped_gemm/m-dsv41-flash-w2-ep4-bs16-balanced,decode,legacy,masked,dsv41-flash,w2,4,,,,,,96,128,,1,,5120,2304,,241.664,214.54399999999998,0.8877780720338982,,,0.8877780720338982,True,05e452b7-fe1e-49bc-b1ea-0c01cd7fb220,a8cfdb3c-84fd-47b2-9ab6-a8d967d184a1,interleaved-v1,True,False,1,60,625,8
grouped_gemm/m-dsv41-flash-w2-ep4-bs16-zipf,decode,legacy,masked,dsv41-flash,w2,4,,,,,,96,128,,1,,5120,2304,,153.184,126.44800000000001,0.825464800501358,,,0.825464800501358,True,05e452b7-fe1e-49bc-b1ea-0c01cd7fb220,a8cfdb3c-84fd-47b2-9ab6-a8d967d184a1,interleaved-v1,True,False,1,60,625,8
grouped_gemm/m-dsv41-flash-w2-ep4-bs16-hot,decode,legacy,masked,dsv41-flash,w2,4,,,,,,96,128,,1,,5120,2304,,120.832,91.776,0.7595338983050848,,,0.7595338983050848,True,05e452b7-fe1e-49bc-b1ea-0c01cd7fb220,a8cfdb3c-84fd-47b2-9ab6-a8d967d184a1,interleaved-v1,True,False,1,60,625,8
grouped_gemm/m-dsv41-flash-w2-ep4-bs64-balanced,decode,legacy,masked,dsv41-flash,w2,4,,,,,,96,128,,1,,5120,2304,,858.112,839.68,0.9785202863961814,,,0.9785202863961814,True,05e452b7-fe1e-49bc-b1ea-0c01cd7fb220,a8cfdb3c-84fd-47b2-9ab6-a8d967d184a1,interleaved-v1,True,False,1,60,625,8
grouped_gemm/m-dsv41-flash-w2-ep4-bs64-zipf,decode,legacy,masked,dsv41-flash,w2,4,,,,,,96,128,,1,,5120,2304,,350.208,327.68,0.935672514619883,,,0.935672514619883,True,05e452b7-fe1e-49bc-b1ea-0c01cd7fb220,a8cfdb3c-84fd-47b2-9ab6-a8d967d184a1,interleaved-v1,True,False,1,60,625,9
grouped_gemm/m-dsv41-flash-w2-ep4-bs64-hot,decode,legacy,masked,dsv41-flash,w2,4,,,,,,96,128,,1,,5120,2304,,370.688,346.112,0.9337016574585636,,,0.9337016574585636,True,05e452b7-fe1e-49bc-b1ea-0c01cd7fb220,a8cfdb3c-84fd-47b2-9ab6-a8d967d184a1,interleaved-v1,True,False,1,60,625,9
grouped_gemm/m-dsv41-flash-w2-ep4-bs128-balanced,decode,legacy,masked,dsv41-flash,w2,4,,,,,,96,128,,2,,5120,2304,,858.112,839.68,0.9785202863961814,0.9785202863961814,0.9785202863961814,0.9785202863961814,True,05e452b7-fe1e-49bc-b1ea-0c01cd7fb220,a8cfdb3c-84fd-47b2-9ab6-a8d967d184a1,interleaved-v1,True,True,3,860,625,9
grouped_gemm/m-dsv41-flash-w2-ep4-bs128-zipf,decode,legacy,masked,dsv41-flash,w2,4,,,,,,96,128,,2,,5120,2304,,522.24,501.392,0.9600796568627451,,,0.9600796568627451,True,05e452b7-fe1e-49bc-b1ea-0c01cd7fb220,a8cfdb3c-84fd-47b2-9ab6-a8d967d184a1,interleaved-v1,True,False,1,60,625,9
grouped_gemm/m-dsv41-flash-w2-ep4-bs128-hot,decode,legacy,masked,dsv41-flash,w2,4,,,,,,96,128,,2,,5120,2304,,704.3199999999999,684.0,0.9711494775102227,,,0.9711494775102227,True,05e452b7-fe1e-49bc-b1ea-0c01cd7fb220,a8cfdb3c-84fd-47b2-9ab6-a8d967d184a1,interleaved-v1,True,False,1,60,625,9
grouped_gemm/m-dsv41-flash-w2-ep8-bs1-balanced,decode,legacy,masked,dsv41-flash,w2,8,,,,,,48,128,,1,,5120,2304,,32.592,20.064,0.6156111929307806,,,0.6156111929307806,True,05e452b7-fe1e-49bc-b1ea-0c01cd7fb220,a8cfdb3c-84fd-47b2-9ab6-a8d967d184a1,interleaved-v1,True,False,1,60,625,9
grouped_gemm/m-dsv41-flash-w2-ep8-bs1-zipf,decode,legacy,masked,dsv41-flash,w2,8,,,,,,48,128,,1,,5120,2304,,32.768,20.272,0.6186523437499999,,,0.6186523437499999,True,05e452b7-fe1e-49bc-b1ea-0c01cd7fb220,a8cfdb3c-84fd-47b2-9ab6-a8d967d184a1,interleaved-v1,True,False,1,60,625,9
grouped_gemm/m-dsv41-flash-w2-ep8-bs1-hot,decode,legacy,masked,dsv41-flash,w2,8,,,,,,48,128,,1,,5120,2304,,34.623999999999995,20.272,0.5854898336414048,,,0.5854898336414048,True,05e452b7-fe1e-49bc-b1ea-0c01cd7fb220,a8cfdb3c-84fd-47b2-9ab6-a8d967d184a1,interleaved-v1,True,False,1,60,625,9
grouped_gemm/m-dsv41-flash-w2-ep8-bs4-balanced,decode,legacy,masked,dsv41-flash,w2,8,,,,,,48,128,,1,,5120,2304,,53.248,42.976,0.8070913461538461,,,0.8070913461538461,True,05e452b7-fe1e-49bc-b1ea-0c01cd7fb220,a8cfdb3c-84fd-47b2-9ab6-a8d967d184a1,interleaved-v1,True,False,1,60,625,10
grouped_gemm/m-dsv41-flash-w2-ep8-bs4-zipf,decode,legacy,masked,dsv41-flash,w2,8,,,,,,48,128,,1,,5120,2304,,53.248,42.976,0.8070913461538461,,,0.8070913461538461,True,05e452b7-fe1e-49bc-b1ea-0c01cd7fb220,a8cfdb3c-84fd-47b2-9ab6-a8d967d184a1,interleaved-v1,True,False,1,60,625,10
grouped_gemm/m-dsv41-flash-w2-ep8-bs4-hot,decode,legacy,masked,dsv41-flash,w2,8,,,,,,48,128,,1,,5120,2304,,38.56,28.32,0.7344398340248962,,,0.7344398340248962,True,05e452b7-fe1e-49bc-b1ea-0c01cd7fb220,a8cfdb3c-84fd-47b2-9ab6-a8d967d184a1,interleaved-v1,True,False,1,60,625,10
grouped_gemm/m-dsv41-flash-w2-ep8-bs16-balanced,decode,legacy,masked,dsv41-flash,w2,8,,,,,,48,128,,1,,5120,2304,,153.6,143.328,0.9331250000000001,,,0.9331250000000001,True,05e452b7-fe1e-49bc-b1ea-0c01cd7fb220,a8cfdb3c-84fd-47b2-9ab6-a8d967d184a1,interleaved-v1,True,False,1,60,625,10
grouped_gemm/m-dsv41-flash-w2-ep8-bs16-zipf,decode,legacy,masked,dsv41-flash,w2,8,,,,,,48,128,,1,,5120,2304,,104.448,91.968,0.880514705882353,,,0.880514705882353,True,05e452b7-fe1e-49bc-b1ea-0c01cd7fb220,a8cfdb3c-84fd-47b2-9ab6-a8d967d184a1,interleaved-v1,True,False,1,60,625,10
grouped_gemm/m-dsv41-flash-w2-ep8-bs16-hot,decode,legacy,masked,dsv41-flash,w2,8,,,,,,48,128,,1,,5120,2304,,75.75999999999999,67.552,0.8916578669482579,,,0.8916578669482579,True,05e452b7-fe1e-49bc-b1ea-0c01cd7fb220,a8cfdb3c-84fd-47b2-9ab6-a8d967d184a1,interleaved-v1,True,False,1,60,625,10
grouped_gemm/m-dsv41-flash-w2-ep8-bs64-balanced,decode,legacy,masked,dsv41-flash,w2,8,,,,,,48,128,,1,,5120,2304,,434.176,423.552,0.9755306603773586,,,0.9755306603773586,True,05e452b7-fe1e-49bc-b1ea-0c01cd7fb220,a8cfdb3c-84fd-47b2-9ab6-a8d967d184a1,interleaved-v1,True,False,1,60,625,10
grouped_gemm/m-dsv41-flash-w2-ep8-bs64-zipf,decode,legacy,masked,dsv41-flash,w2,8,,,,,,48,128,,1,,5120,2304,,233.10399999999998,221.152,0.948726748575743,,,0.948726748575743,True,05e452b7-fe1e-49bc-b1ea-0c01cd7fb220,a8cfdb3c-84fd-47b2-9ab6-a8d967d184a1,interleaved-v1,True,False,1,60,625,10
grouped_gemm/m-dsv41-flash-w2-ep8-bs64-hot,decode,legacy,masked,dsv41-flash,w2,8,,,,,,48,128,,1,,5120,2304,,239.616,233.44,0.9742254273504273,,,0.9742254273504273,True,05e452b7-fe1e-49bc-b1ea-0c01cd7fb220,a8cfdb3c-84fd-47b2-9ab6-a8d967d184a1,interleaved-v1,True,False,1,60,625,11
grouped_gemm/m-dsv41-flash-w2-ep8-bs128-balanced,decode,legacy,masked,dsv41-flash,w2,8,,,,,,48,128,,2,,5120,2304,,432.128,423.568,0.9801910545023697,,,0.9801910545023697,True,05e452b7-fe1e-49bc-b1ea-0c01cd7fb220,a8cfdb3c-84fd-47b2-9ab6-a8d967d184a1,interleaved-v1,True,False,1,60,625,11
grouped_gemm/m-dsv41-flash-w2-ep8-bs128-zipf,decode,legacy,masked,dsv41-flash,w2,8,,,,,,48,128,,2,,5120,2304,,333.824,329.344,0.9865797546012269,,,0.9865797546012269,True,05e452b7-fe1e-49bc-b1ea-0c01cd7fb220,a8cfdb3c-84fd-47b2-9ab6-a8d967d184a1,interleaved-v1,True,False,1,60,625,11
grouped_gemm/m-dsv41-flash-w2-ep8-bs128-hot,decode,legacy,masked,dsv41-flash,w2,8,,,,,,48,128,,2,,5120,2304,,428.032,423.904,0.9903558612440192,0.9865951742627345,0.9867421421123194,0.9903558612440192,True,05e452b7-fe1e-49bc-b1ea-0c01cd7fb220,a8cfdb3c-84fd-47b2-9ab6-a8d967d184a1,interleaved-v1,True,True,3,860,625,11
grouped_gemm/m-dsv4-flash-w13-ep1-bs1-balanced,decode,legacy,masked,dsv4-flash,w13,1,,,,,,256,128,,1,,4096,4096,,215.04,83.968,0.39047619047619053,,,0.39047619047619053,True,05e452b7-fe1e-49bc-b1ea-0c01cd7fb220,a8cfdb3c-84fd-47b2-9ab6-a8d967d184a1,interleaved-v1,True,False,1,60,625,11
grouped_gemm/m-dsv4-flash-w13-ep1-bs1-zipf,decode,legacy,masked,dsv4-flash,w13,1,,,,,,256,128,,1,,4096,4096,,180.224,69.6,0.38618607954545453,,,0.38618607954545453,True,05e452b7-fe1e-49bc-b1ea-0c01cd7fb220,a8cfdb3c-84fd-47b2-9ab6-a8d967d184a1,interleaved-v1,True,False,1,60,625,11
grouped_gemm/m-dsv4-flash-w13-ep1-bs1-hot,decode,legacy,masked,dsv4-flash,w13,1,,,,,,256,128,,1,,4096,4096,,161.792,51.2,0.31645569620253167,,,0.31645569620253167,True,05e452b7-fe1e-49bc-b1ea-0c01cd7fb220,a8cfdb3c-84fd-47b2-9ab6-a8d967d184a1,interleaved-v1,True,False,1,60,625,11
grouped_gemm/m-dsv4-flash-w13-ep1-bs4-balanced,decode,legacy,masked,dsv4-flash,w13,1,,,,,,256,128,,1,,4096,4096,,421.72799999999995,296.94399999999996,0.7041126033841718,,,0.7041126033841718,True,05e452b7-fe1e-49bc-b1ea-0c01cd7fb220,a8cfdb3c-84fd-47b2-9ab6-a8d967d184a1,interleaved-v1,True,False,1,60,625,11
grouped_gemm/m-dsv4-flash-w13-ep1-bs4-zipf,decode,legacy,masked,dsv4-flash,w13,1,,,,,,256,128,,1,,4096,4096,,315.392,202.368,0.6416396103896104,,,0.6416396103896104,True,05e452b7-fe1e-49bc-b1ea-0c01cd7fb220,a8cfdb3c-84fd-47b2-9ab6-a8d967d184a1,interleaved-v1,True,False,1,60,625,12
grouped_gemm/m-dsv4-flash-w13-ep1-bs4-hot,decode,legacy,masked,dsv4-flash,w13,1,,,,,,256,128,,1,,4096,4096,,255.568,126.944,0.4967132035309585,,,0.4967132035309585,True,05e452b7-fe1e-49bc-b1ea-0c01cd7fb220,a8cfdb3c-84fd-47b2-9ab6-a8d967d184a1,interleaved-v1,True,False,1,60,625,12
grouped_gemm/m-dsv4-flash-w13-ep1-bs16-balanced,decode,legacy,masked,dsv4-flash,w13,1,,,,,,256,128,,1,,4096,4096,,1276.72,1162.7359999999999,0.9107212231342815,,,0.9107212231342815,True,05e452b7-fe1e-49bc-b1ea-0c01cd7fb220,a8cfdb3c-84fd-47b2-9ab6-a8d967d184a1,interleaved-v1,True,False,1,60,625,12
grouped_gemm/m-dsv4-flash-w13-ep1-bs16-zipf,decode,legacy,masked,dsv4-flash,w13,1,,,,,,256,128,,1,,4096,4096,,614.4,503.456,0.8194270833333334,,,0.8194270833333334,True,05e452b7-fe1e-49bc-b1ea-0c01cd7fb220,a8cfdb3c-84fd-47b2-9ab6-a8d967d184a1,interleaved-v1,True,False,1,60,625,12
grouped_gemm/m-dsv4-flash-w13-ep1-bs16-hot,decode,legacy,masked,dsv4-flash,w13,1,,,,,,256,128,,1,,4096,4096,,595.52,477.152,0.8012358946802794,,,0.8012358946802794,True,05e452b7-fe1e-49bc-b1ea-0c01cd7fb220,a8cfdb3c-84fd-47b2-9ab6-a8d967d184a1,interleaved-v1,True,False,1,60,625,12
grouped_gemm/m-dsv4-flash-w13-ep1-bs64-balanced,decode,legacy,masked,dsv4-flash,w13,1,,,,,,256,128,,2,,4096,4096,,3186.688,3099.952,0.9727817721722365,,,0.9727817721722365,True,05e452b7-fe1e-49bc-b1ea-0c01cd7fb220,a8cfdb3c-84fd-47b2-9ab6-a8d967d184a1,interleaved-v1,True,False,1,60,625,12
grouped_gemm/m-dsv4-flash-w13-ep1-bs64-zipf,decode,legacy,masked,dsv4-flash,w13,1,,,,,,256,128,,2,,4096,4096,,1376.08,1277.3919999999998,0.9282832393465495,,,0.9282832393465495,True,05e452b7-fe1e-49bc-b1ea-0c01cd7fb220,a8cfdb3c-84fd-47b2-9ab6-a8d967d184a1,interleaved-v1,True,False,1,60,625,12
grouped_gemm/m-dsv4-flash-w13-ep1-bs64-hot,decode,legacy,masked,dsv4-flash,w13,1,,,,,,256,128,,2,,4096,4096,,1966.08,1861.632,0.946875,,,0.946875,True,05e452b7-fe1e-49bc-b1ea-0c01cd7fb220,a8cfdb3c-84fd-47b2-9ab6-a8d967d184a1,interleaved-v1,True,False,1,60,625,12
grouped_gemm/m-dsv4-flash-w13-ep1-bs128-balanced,decode,legacy,masked,dsv4-flash,w13,1,,,,,,256,128,,3,,4096,4096,,3188.032,3099.648,0.9722763134121615,,,0.9722763134121615,True,05e452b7-fe1e-49bc-b1ea-0c01cd7fb220,a8cfdb3c-84fd-47b2-9ab6-a8d967d184a1,interleaved-v1,True,False,1,60,625,13
grouped_gemm/m-dsv4-flash-w13-ep1-bs128-zipf,decode,legacy,masked,dsv4-flash,w13,1,,,,,,256,128,,3,,4096,4096,,2365.952,2266.16,0.9578216295174203,,,0.9578216295174203,True,05e452b7-fe1e-49bc-b1ea-0c01cd7fb220,a8cfdb3c-84fd-47b2-9ab6-a8d967d184a1,interleaved-v1,True,False,1,60,625,13
grouped_gemm/m-dsv4-flash-w13-ep1-bs128-hot,decode,legacy,masked,dsv4-flash,w13,1,,,,,,256,128,,3,,4096,4096,,3186.3199999999997,3106.8,0.9750433101508952,,,0.9750433101508952,True,05e452b7-fe1e-49bc-b1ea-0c01cd7fb220,a8cfdb3c-84fd-47b2-9ab6-a8d967d184a1,interleaved-v1,True,False,1,60,625,13
grouped_gemm/m-dsv4-flash-w13-ep4-bs1-balanced,decode,legacy,masked,dsv4-flash,w13,4,,,,,,64,128,,1,,4096,4096,,59.04,34.432,0.5831978319783199,,,0.5831978319783199,True,05e452b7-fe1e-49bc-b1ea-0c01cd7fb220,a8cfdb3c-84fd-47b2-9ab6-a8d967d184a1,interleaved-v1,True,False,1,60,625,13
grouped_gemm/m-dsv4-flash-w13-ep4-bs1-zipf,decode,legacy,masked,dsv4-flash,w13,4,,,,,,64,128,,1,,4096,4096,,61.44,34.592,0.5630208333333333,,,0.5630208333333333,True,05e452b7-fe1e-49bc-b1ea-0c01cd7fb220,a8cfdb3c-84fd-47b2-9ab6-a8d967d184a1,interleaved-v1,True,False,1,60,625,13
grouped_gemm/m-dsv4-flash-w13-ep4-bs1-hot,decode,legacy,masked,dsv4-flash,w13,4,,,,,,64,128,,1,,4096,4096,,55.296,24.192,0.4375,,,0.4375,True,05e452b7-fe1e-49bc-b1ea-0c01cd7fb220,a8cfdb3c-84fd-47b2-9ab6-a8d967d184a1,interleaved-v1,True,False,1,60,625,13
grouped_gemm/m-dsv4-flash-w13-ep4-bs4-balanced,decode,legacy,masked,dsv4-flash,w13,4,,,,,,64,128,,1,,4096,4096,,114.688,83.584,0.7287946428571429,,,0.7287946428571429,True,05e452b7-fe1e-49bc-b1ea-0c01cd7fb220,a8cfdb3c-84fd-47b2-9ab6-a8d967d184a1,interleaved-v1,True,False,1,60,625,13
grouped_gemm/m-dsv4-flash-w13-ep4-bs4-zipf,decode,legacy,masked,dsv4-flash,w13,4,,,,,,64,128,,1,,4096,4096,,92.16,67.552,0.7329861111111112,,,0.7329861111111112,True,05e452b7-fe1e-49bc-b1ea-0c01cd7fb220,a8cfdb3c-84fd-47b2-9ab6-a8d967d184a1,interleaved-v1,True,False,1,60,625,13
grouped_gemm/m-dsv4-flash-w13-ep4-bs4-hot,decode,legacy,masked,dsv4-flash,w13,4,,,,,,64,128,,1,,4096,4096,,71.2,51.2,0.7191011235955056,,,0.7191011235955056,True,05e452b7-fe1e-49bc-b1ea-0c01cd7fb220,a8cfdb3c-84fd-47b2-9ab6-a8d967d184a1,interleaved-v1,True,False,1,60,625,14
grouped_gemm/m-dsv4-flash-w13-ep4-bs16-balanced,decode,legacy,masked,dsv4-flash,w13,4,,,,,,64,128,,1,,4096,4096,,323.584,296.928,0.9176226265822784,,,0.9176226265822784,True,05e452b7-fe1e-49bc-b1ea-0c01cd7fb220,a8cfdb3c-84fd-47b2-9ab6-a8d967d184a1,interleaved-v1,True,False,1,60,625,14
grouped_gemm/m-dsv4-flash-w13-ep4-bs16-zipf,decode,legacy,masked,dsv4-flash,w13,4,,,,,,64,128,,1,,4096,4096,,200.704,175.744,0.8756377551020408,,,0.8756377551020408,True,05e452b7-fe1e-49bc-b1ea-0c01cd7fb220,a8cfdb3c-84fd-47b2-9ab6-a8d967d184a1,interleaved-v1,True,False,1,60,625,14
grouped_gemm/m-dsv4-flash-w13-ep4-bs16-hot,decode,legacy,masked,dsv4-flash,w13,4,,,,,,64,128,,1,,4096,4096,,155.184,126.592,0.8157542014640685,,,0.8157542014640685,True,05e452b7-fe1e-49bc-b1ea-0c01cd7fb220,a8cfdb3c-84fd-47b2-9ab6-a8d967d184a1,interleaved-v1,True,False,1,60,625,14
grouped_gemm/m-dsv4-flash-w13-ep4-bs64-balanced,decode,legacy,masked,dsv4-flash,w13,4,,,,,,64,128,,2,,4096,4096,,794.608,776.192,0.9768237923605099,,,0.9768237923605099,True,05e452b7-fe1e-49bc-b1ea-0c01cd7fb220,a8cfdb3c-84fd-47b2-9ab6-a8d967d184a1,interleaved-v1,True,False,1,60,625,14
grouped_gemm/m-dsv4-flash-w13-ep4-bs64-zipf,decode,legacy,masked,dsv4-flash,w13,4,,,,,,64,128,,2,,4096,4096,,450.56,428.0,0.9499289772727273,,,0.9499289772727273,True,05e452b7-fe1e-49bc-b1ea-0c01cd7fb220,a8cfdb3c-84fd-47b2-9ab6-a8d967d184a1,interleaved-v1,True,False,1,60,625,14
grouped_gemm/m-dsv4-flash-w13-ep4-bs64-hot,decode,legacy,masked,dsv4-flash,w13,4,,,,,,64,128,,2,,4096,4096,,499.712,477.152,0.9548539959016393,,,0.9548539959016393,True,05e452b7-fe1e-49bc-b1ea-0c01cd7fb220,a8cfdb3c-84fd-47b2-9ab6-a8d967d184a1,interleaved-v1,True,False,1,60,625,14
grouped_gemm/m-dsv4-flash-w13-ep4-bs128-balanced,decode,legacy,masked,dsv4-flash,w13,4,,,,,,64,128,,3,,4096,4096,,794.272,776.16,0.9771967285766084,,,0.9771967285766084,True,05e452b7-fe1e-49bc-b1ea-0c01cd7fb220,a8cfdb3c-84fd-47b2-9ab6-a8d967d184a1,interleaved-v1,True,False,1,60,625,14
grouped_gemm/m-dsv4-flash-w13-ep4-bs128-zipf,decode,legacy,masked,dsv4-flash,w13,4,,,,,,64,128,,3,,4096,4096,,630.592,610.272,0.9677763117832133,,,0.9677763117832133,True,05e452b7-fe1e-49bc-b1ea-0c01cd7fb220,a8cfdb3c-84fd-47b2-9ab6-a8d967d184a1,interleaved-v1,True,False,1,60,625,15
grouped_gemm/m-dsv4-flash-w13-ep4-bs128-hot,decode,legacy,masked,dsv4-flash,w13,4,,,,,,64,128,,3,,4096,4096,,796.2080000000001,778.208,0.9773928420714184,,,0.9773928420714184,True,05e452b7-fe1e-49bc-b1ea-0c01cd7fb220,a8cfdb3c-84fd-47b2-9ab6-a8d967d184a1,interleaved-v1,True,False,1,60,625,15
grouped_gemm/m-dsv4-flash-w13-ep8-bs1-balanced,decode,legacy,masked,dsv4-flash,w13,8,,,,,,32,128,,1,,4096,4096,,40.96,24.112000000000002,0.5886718750000001,0.58984375,0.58984375,0.58984375,True,05e452b7-fe1e-49bc-b1ea-0c01cd7fb220,a8cfdb3c-84fd-47b2-9ab6-a8d967d184a1,interleaved-v1,True,True,3,860,625,15
grouped_gemm/m-dsv4-flash-w13-ep8-bs1-zipf,decode,legacy,masked,dsv4-flash,w13,8,,,,,,32,128,,1,,4096,4096,,40.96,24.384,0.5953125,,,0.5953125,True,05e452b7-fe1e-49bc-b1ea-0c01cd7fb220,a8cfdb3c-84fd-47b2-9ab6-a8d967d184a1,interleaved-v1,True,False,1,60,625,15
grouped_gemm/m-dsv4-flash-w13-ep8-bs1-hot,decode,legacy,masked,dsv4-flash,w13,8,,,,,,32,128,,1,,4096,4096,,42.496,24.544,0.5775602409638554,,,0.5775602409638554,True,05e452b7-fe1e-49bc-b1ea-0c01cd7fb220,a8cfdb3c-84fd-47b2-9ab6-a8d967d184a1,interleaved-v1,True,False,1,60,625,15
grouped_gemm/m-dsv4-flash-w13-ep8-bs4-balanced,decode,legacy,masked,dsv4-flash,w13,8,,,,,,32,128,,1,,4096,4096,,67.184,56.96,0.8478209097404145,,,0.8478209097404145,True,05e452b7-fe1e-49bc-b1ea-0c01cd7fb220,a8cfdb3c-84fd-47b2-9ab6-a8d967d184a1,interleaved-v1,True,False,1,60,625,15
grouped_gemm/m-dsv4-flash-w13-ep8-bs4-zipf,decode,legacy,masked,dsv4-flash,w13,8,,,,,,32,128,,1,,4096,4096,,55.296,51.2,0.925925925925926,,,0.925925925925926,True,05e452b7-fe1e-49bc-b1ea-0c01cd7fb220,a8cfdb3c-84fd-47b2-9ab6-a8d967d184a1,interleaved-v1,True,False,1,60,625,15
grouped_gemm/m-dsv4-flash-w13-ep8-bs4-hot,decode,legacy,masked,dsv4-flash,w13,8,,,,,,32,128,,1,,4096,4096,,46.672,34.432,0.7377442577991088,,,0.7377442577991088,True,05e452b7-fe1e-49bc-b1ea-0c01cd7fb220,a8cfdb3c-84fd-47b2-9ab6-a8d967d184a1,interleaved-v1,True,False,1,60,625,15
grouped_gemm/m-dsv4-flash-w13-ep8-bs16-balanced,decode,legacy,masked,dsv4-flash,w13,8,,,,,,32,128,,1,,4096,4096,,208.896,200.32,0.9589460784313726,,,0.9589460784313726,True,05e452b7-fe1e-49bc-b1ea-0c01cd7fb220,a8cfdb3c-84fd-47b2-9ab6-a8d967d184a1,interleaved-v1,True,False,1,60,625,16
grouped_gemm/m-dsv4-flash-w13-ep8-bs16-zipf,decode,legacy,masked,dsv4-flash,w13,8,,,,,,32,128,,1,,4096,4096,,138.816,126.944,0.9144767173812817,,,0.9144767173812817,True,05e452b7-fe1e-49bc-b1ea-0c01cd7fb220,a8cfdb3c-84fd-47b2-9ab6-a8d967d184a1,interleaved-v1,True,False,1,60,625,16
grouped_gemm/m-dsv4-flash-w13-ep8-bs16-hot,decode,legacy,masked,dsv4-flash,w13,8,,,,,,32,128,,1,,4096,4096,,104.43199999999999,90.08,0.8625708595066647,,,0.8625708595066647,True,05e452b7-fe1e-49bc-b1ea-0c01cd7fb220,a8cfdb3c-84fd-47b2-9ab6-a8d967d184a1,interleaved-v1,True,False,1,60,625,16
grouped_gemm/m-dsv4-flash-w13-ep8-bs64-balanced,decode,legacy,masked,dsv4-flash,w13,8,,,,,,32,128,,2,,4096,4096,,399.008,391.136,0.980271072259203,,,0.980271072259203,True,05e452b7-fe1e-49bc-b1ea-0c01cd7fb220,a8cfdb3c-84fd-47b2-9ab6-a8d967d184a1,interleaved-v1,True,False,1,60,625,16
grouped_gemm/m-dsv4-flash-w13-ep8-bs64-zipf,decode,legacy,masked,dsv4-flash,w13,8,,,,,,32,128,,2,,4096,4096,,292.672,284.64,0.9725563087688606,,,0.9725563087688606,True,05e452b7-fe1e-49bc-b1ea-0c01cd7fb220,a8cfdb3c-84fd-47b2-9ab6-a8d967d184a1,interleaved-v1,True,False,1,60,625,16
grouped_gemm/m-dsv4-flash-w13-ep8-bs64-hot,decode,legacy,masked,dsv4-flash,w13,8,,,,,,32,128,,2,,4096,4096,,327.664,321.52,0.9812490844279506,,,0.9812490844279506,True,05e452b7-fe1e-49bc-b1ea-0c01cd7fb220,a8cfdb3c-84fd-47b2-9ab6-a8d967d184a1,interleaved-v1,True,False,1,60,625,16
grouped_gemm/m-dsv4-flash-w13-ep8-bs128-balanced,decode,legacy,masked,dsv4-flash,w13,8,,,,,,32,128,,3,,4096,4096,,399.328,391.136,0.9794855356999761,,,0.9794855356999761,True,05e452b7-fe1e-49bc-b1ea-0c01cd7fb220,a8cfdb3c-84fd-47b2-9ab6-a8d967d184a1,interleaved-v1,True,False,1,60,625,16
grouped_gemm/m-dsv4-flash-w13-ep8-bs128-zipf,decode,legacy,masked,dsv4-flash,w13,8,,,,,,32,128,,3,,4096,4096,,399.36,393.216,0.9846153846153846,,,0.9846153846153846,True,05e452b7-fe1e-49bc-b1ea-0c01cd7fb220,a8cfdb3c-84fd-47b2-9ab6-a8d967d184a1,interleaved-v1,True,False,1,60,625,16
grouped_gemm/m-dsv4-flash-w13-ep8-bs128-hot,decode,legacy,masked,dsv4-flash,w13,8,,,,,,32,128,,3,,4096,4096,,399.36,393.184,0.9845352564102564,,,0.9845352564102564,True,05e452b7-fe1e-49bc-b1ea-0c01cd7fb220,a8cfdb3c-84fd-47b2-9ab6-a8d967d184a1,interleaved-v1,True,False,1,60,625,17
grouped_gemm/m-dsv4-flash-w2-ep1-bs1-balanced,decode,legacy,masked,dsv4-flash,w2,1,,,,,,256,128,,1,,4096,2048,,106.496,47.104,0.44230769230769235,,,0.44230769230769235,True,05e452b7-fe1e-49bc-b1ea-0c01cd7fb220,a8cfdb3c-84fd-47b2-9ab6-a8d967d184a1,interleaved-v1,True,False,1,60,625,17
grouped_gemm/m-dsv4-flash-w2-ep1-bs1-zipf,decode,legacy,masked,dsv4-flash,w2,1,,,,,,256,128,,1,,4096,2048,,97.92,40.448,0.4130718954248366,,,0.4130718954248366,True,05e452b7-fe1e-49bc-b1ea-0c01cd7fb220,a8cfdb3c-84fd-47b2-9ab6-a8d967d184a1,interleaved-v1,True,False,1,60,625,17
grouped_gemm/m-dsv4-flash-w2-ep1-bs1-hot,decode,legacy,masked,dsv4-flash,w2,1,,,,,,256,128,,1,,4096,2048,,88.064,30.72,0.3488372093023256,,,0.3488372093023256,True,05e452b7-fe1e-49bc-b1ea-0c01cd7fb220,a8cfdb3c-84fd-47b2-9ab6-a8d967d184a1,interleaved-v1,True,False,1,60,625,17
grouped_gemm/m-dsv4-flash-w2-ep1-bs4-balanced,decode,legacy,masked,dsv4-flash,w2,1,,,,,,256,128,,1,,4096,2048,,219.136,151.168,0.6898364485981309,,,0.6898364485981309,True,05e452b7-fe1e-49bc-b1ea-0c01cd7fb220,a8cfdb3c-84fd-47b2-9ab6-a8d967d184a1,interleaved-v1,True,False,1,60,625,17
grouped_gemm/m-dsv4-flash-w2-ep1-bs4-zipf,decode,legacy,masked,dsv4-flash,w2,1,,,,,,256,128,,1,,4096,2048,,157.664,102.368,0.649279480414045,,,0.649279480414045,True,05e452b7-fe1e-49bc-b1ea-0c01cd7fb220,a8cfdb3c-84fd-47b2-9ab6-a8d967d184a1,interleaved-v1,True,False,1,60,625,17
grouped_gemm/m-dsv4-flash-w2-ep1-bs4-hot,decode,legacy,masked,dsv4-flash,w2,1,,,,,,256,128,,1,,4096,2048,,128.56,67.552,0.5254511512134412,,,0.5254511512134412,True,05e452b7-fe1e-49bc-b1ea-0c01cd7fb220,a8cfdb3c-84fd-47b2-9ab6-a8d967d184a1,interleaved-v1,True,False,1,60,625,17
grouped_gemm/m-dsv4-flash-w2-ep1-bs16-balanced,decode,legacy,masked,dsv4-flash,w2,1,,,,,,256,128,,1,,4096,2048,,657.408,591.872,0.9003115264797507,,,0.9003115264797507,True,05e452b7-fe1e-49bc-b1ea-0c01cd7fb220,a8cfdb3c-84fd-47b2-9ab6-a8d967d184a1,interleaved-v1,True,False,1,60,625,17
grouped_gemm/m-dsv4-flash-w2-ep1-bs16-zipf,decode,legacy,masked,dsv4-flash,w2,1,,,,,,256,128,,1,,4096,2048,,310.89599999999996,255.968,0.8233235551438424,,,0.8233235551438424,True,05e452b7-fe1e-49bc-b1ea-0c01cd7fb220,a8cfdb3c-84fd-47b2-9ab6-a8d967d184a1,interleaved-v1,True,False,1,60,625,18
grouped_gemm/m-dsv4-flash-w2-ep1-bs16-hot,decode,legacy,masked,dsv4-flash,w2,1,,,,,,256,128,,1,,4096,2048,,307.2,243.68,0.7932291666666668,,,0.7932291666666668,True,05e452b7-fe1e-49bc-b1ea-0c01cd7fb220,a8cfdb3c-84fd-47b2-9ab6-a8d967d184a1,interleaved-v1,True,False,1,60,625,18
grouped_gemm/m-dsv4-flash-w2-ep1-bs64-balanced,decode,legacy,masked,dsv4-flash,w2,1,,,,,,256,128,,2,,4096,2048,,1632.256,1570.816,0.9623588456712672,,,0.9623588456712672,True,05e452b7-fe1e-49bc-b1ea-0c01cd7fb220,a8cfdb3c-84fd-47b2-9ab6-a8d967d184a1,interleaved-v1,True,False,1,60,625,18
grouped_gemm/m-dsv4-flash-w2-ep1-bs64-zipf,decode,legacy,masked,dsv4-flash,w2,1,,,,,,256,128,,2,,4096,2048,,702.464,649.216,0.9241982507288629,,,0.9241982507288629,True,05e452b7-fe1e-49bc-b1ea-0c01cd7fb220,a8cfdb3c-84fd-47b2-9ab6-a8d967d184a1,interleaved-v1,True,False,1,60,625,18
grouped_gemm/m-dsv4-flash-w2-ep1-bs64-hot,decode,legacy,masked,dsv4-flash,w2,1,,,,,,256,128,,2,,4096,2048,,1009.472,947.76,0.9388670512901794,,,0.9388670512901794,True,05e452b7-fe1e-49bc-b1ea-0c01cd7fb220,a8cfdb3c-84fd-47b2-9ab6-a8d967d184a1,interleaved-v1,True,False,1,60,625,18
grouped_gemm/m-dsv4-flash-w2-ep1-bs128-balanced,decode,legacy,masked,dsv4-flash,w2,1,,,,,,256,128,,3,,4096,2048,,1632.256,1570.816,0.9623588456712672,,,0.9623588456712672,True,05e452b7-fe1e-49bc-b1ea-0c01cd7fb220,a8cfdb3c-84fd-47b2-9ab6-a8d967d184a1,interleaved-v1,True,False,1,60,625,18
grouped_gemm/m-dsv4-flash-w2-ep1-bs128-zipf,decode,legacy,masked,dsv4-flash,w2,1,,,,,,256,128,,3,,4096,2048,,1200.128,1144.816,0.9539115827645052,,,0.9539115827645052,True,05e452b7-fe1e-49bc-b1ea-0c01cd7fb220,a8cfdb3c-84fd-47b2-9ab6-a8d967d184a1,interleaved-v1,True,False,1,60,625,18
grouped_gemm/m-dsv4-flash-w2-ep1-bs128-hot,decode,legacy,masked,dsv4-flash,w2,1,,,,,,256,128,,3,,4096,2048,,1630.208,1572.864,0.964824120603015,,,0.964824120603015,True,05e452b7-fe1e-49bc-b1ea-0c01cd7fb220,a8cfdb3c-84fd-47b2-9ab6-a8d967d184a1,interleaved-v1,True,False,1,60,625,18
grouped_gemm/m-dsv4-flash-w2-ep4-bs1-balanced,decode,legacy,masked,dsv4-flash,w2,4,,,,,,64,128,,1,,4096,2048,,34.464,20.448,0.5933147632311978,,,0.5933147632311978,True,05e452b7-fe1e-49bc-b1ea-0c01cd7fb220,a8cfdb3c-84fd-47b2-9ab6-a8d967d184a1,interleaved-v1,True,False,1,60,625,19
grouped_gemm/m-dsv4-flash-w2-ep4-bs1-zipf,decode,legacy,masked,dsv4-flash,w2,4,,,,,,64,128,,1,,4096,2048,,34.464,20.448,0.5933147632311978,,,0.5933147632311978,True,05e452b7-fe1e-49bc-b1ea-0c01cd7fb220,a8cfdb3c-84fd-47b2-9ab6-a8d967d184a1,interleaved-v1,True,False,1,60,625,19
grouped_gemm/m-dsv4-flash-w2-ep4-bs1-hot,decode,legacy,masked,dsv4-flash,w2,4,,,,,,64,128,,1,,4096,2048,,32.4,15.936,0.4918518518518519,,,0.4918518518518519,True,05e452b7-fe1e-49bc-b1ea-0c01cd7fb220,a8cfdb3c-84fd-47b2-9ab6-a8d967d184a1,interleaved-v1,True,False,1,60,625,19
grouped_gemm/m-dsv4-flash-w2-ep4-bs4-balanced,decode,legacy,masked,dsv4-flash,w2,4,,,,,,64,128,,1,,4096,2048,,61.44,45.024,0.7328125000000001,,,0.7328125000000001,True,05e452b7-fe1e-49bc-b1ea-0c01cd7fb220,a8cfdb3c-84fd-47b2-9ab6-a8d967d184a1,interleaved-v1,True,False,1,60,625,19
grouped_gemm/m-dsv4-flash-w2-ep4-bs4-zipf,decode,legacy,masked,dsv4-flash,w2,4,,,,,,64,128,,1,,4096,2048,,49.152,36.832,0.7493489583333334,,,0.7493489583333334,True,05e452b7-fe1e-49bc-b1ea-0c01cd7fb220,a8cfdb3c-84fd-47b2-9ab6-a8d967d184a1,interleaved-v1,True,False,1,60,625,19
grouped_gemm/m-dsv4-flash-w2-ep4-bs4-hot,decode,legacy,masked,dsv4-flash,w2,4,,,,,,64,128,,1,,4096,2048,,40.944,28.64,0.6994919890582258,,,0.6994919890582258,True,05e452b7-fe1e-49bc-b1ea-0c01cd7fb220,a8cfdb3c-84fd-47b2-9ab6-a8d967d184a1,interleaved-v1,True,False,1,60,625,19
grouped_gemm/m-dsv4-flash-w2-ep4-bs16-balanced,decode,legacy,masked,dsv4-flash,w2,4,,,,,,64,128,,1,,4096,2048,,163.84,151.168,0.9226562500000001,,,0.9226562500000001,True,05e452b7-fe1e-49bc-b1ea-0c01cd7fb220,a8cfdb3c-84fd-47b2-9ab6-a8d967d184a1,interleaved-v1,True,False,1,60,625,19
grouped_gemm/m-dsv4-flash-w2-ep4-bs16-zipf,decode,legacy,masked,dsv4-flash,w2,4,,,,,,64,128,,1,,4096,2048,,100.352,88.032,0.8772321428571428,,,0.8772321428571428,True,05e452b7-fe1e-49bc-b1ea-0c01cd7fb220,a8cfdb3c-84fd-47b2-9ab6-a8d967d184a1,interleaved-v1,True,False,1,60,625,19
grouped_gemm/m-dsv4-flash-w2-ep4-bs16-hot,decode,legacy,masked,dsv4-flash,w2,4,,,,,,64,128,,1,,4096,2048,,77.824,65.136,0.8369654605263157,,,0.8369654605263157,True,05e452b7-fe1e-49bc-b1ea-0c01cd7fb220,a8cfdb3c-84fd-47b2-9ab6-a8d967d184a1,interleaved-v1,True,False,1,60,625,20
grouped_gemm/m-dsv4-flash-w2-ep4-bs64-balanced,decode,legacy,masked,dsv4-flash,w2,4,,,,,,64,128,,2,,4096,2048,,405.504,395.232,0.9746685606060607,,,0.9746685606060607,True,05e452b7-fe1e-49bc-b1ea-0c01cd7fb220,a8cfdb3c-84fd-47b2-9ab6-a8d967d184a1,interleaved-v1,True,False,1,60,625,20
grouped_gemm/m-dsv4-flash-w2-ep4-bs64-zipf,decode,legacy,masked,dsv4-flash,w2,4,,,,,,64,128,,2,,4096,2048,,229.344,218.624,0.9532579880005582,,,0.9532579880005582,True,05e452b7-fe1e-49bc-b1ea-0c01cd7fb220,a8cfdb3c-84fd-47b2-9ab6-a8d967d184a1,interleaved-v1,True,False,1,60,625,20
grouped_gemm/m-dsv4-flash-w2-ep4-bs64-hot,decode,legacy,masked,dsv4-flash,w2,4,,,,,,64,128,,2,,4096,2048,,253.952,243.328,0.9581653225806451,,,0.9581653225806451,True,05e452b7-fe1e-49bc-b1ea-0c01cd7fb220,a8cfdb3c-84fd-47b2-9ab6-a8d967d184a1,interleaved-v1,True,False,1,60,625,20
grouped_gemm/m-dsv4-flash-w2-ep4-bs128-balanced,decode,legacy,masked,dsv4-flash,w2,4,,,,,,64,128,,3,,4096,2048,,405.504,395.232,0.9746685606060607,,,0.9746685606060607,True,05e452b7-fe1e-49bc-b1ea-0c01cd7fb220,a8cfdb3c-84fd-47b2-9ab6-a8d967d184a1,interleaved-v1,True,False,1,60,625,20
grouped_gemm/m-dsv4-flash-w2-ep4-bs128-zipf,decode,legacy,masked,dsv4-flash,w2,4,,,,,,64,128,,3,,4096,2048,,321.536,310.89599999999996,0.9669088375796177,,,0.9669088375796177,True,05e452b7-fe1e-49bc-b1ea-0c01cd7fb220,a8cfdb3c-84fd-47b2-9ab6-a8d967d184a1,interleaved-v1,True,False,1,60,625,20
grouped_gemm/m-dsv4-flash-w2-ep4-bs128-hot,decode,legacy,masked,dsv4-flash,w2,4,,,,,,64,128,,3,,4096,2048,,407.552,396.896,0.9738536432160804,,,0.9738536432160804,True,05e452b7-fe1e-49bc-b1ea-0c01cd7fb220,a8cfdb3c-84fd-47b2-9ab6-a8d967d184a1,interleaved-v1,True,False,1,60,625,20
grouped_gemm/m-dsv4-flash-w2-ep8-bs1-balanced,decode,legacy,masked,dsv4-flash,w2,8,,,,,,32,128,,1,,4096,2048,,24.576,16.0,0.6510416666666666,,,0.6510416666666666,True,05e452b7-fe1e-49bc-b1ea-0c01cd7fb220,a8cfdb3c-84fd-47b2-9ab6-a8d967d184a1,interleaved-v1,True,False,1,60,625,20
grouped_gemm/m-dsv4-flash-w2-ep8-bs1-zipf,decode,legacy,masked,dsv4-flash,w2,8,,,,,,32,128,,1,,4096,2048,,26.128,16.0,0.612369871402327,,,0.612369871402327,True,05e452b7-fe1e-49bc-b1ea-0c01cd7fb220,a8cfdb3c-84fd-47b2-9ab6-a8d967d184a1,interleaved-v1,True,False,1,60,625,21
grouped_gemm/m-dsv4-flash-w2-ep8-bs1-hot,decode,legacy,masked,dsv4-flash,w2,8,,,,,,32,128,,1,,4096,2048,,24.576,15.952,0.6490885416666666,,,0.6490885416666666,True,05e452b7-fe1e-49bc-b1ea-0c01cd7fb220,a8cfdb3c-84fd-47b2-9ab6-a8d967d184a1,interleaved-v1,True,False,1,60,625,21
grouped_gemm/m-dsv4-flash-w2-ep8-bs4-balanced,decode,legacy,masked,dsv4-flash,w2,8,,,,,,32,128,,1,,4096,2048,,36.864,30.688,0.8324652777777778,,,0.8324652777777778,True,05e452b7-fe1e-49bc-b1ea-0c01cd7fb220,a8cfdb3c-84fd-47b2-9ab6-a8d967d184a1,interleaved-v1,True,False,1,60,625,21
grouped_gemm/m-dsv4-flash-w2-ep8-bs4-zipf,decode,legacy,masked,dsv4-flash,w2,8,,,,,,32,128,,1,,4096,2048,,32.736,28.64,0.8748778103616814,,,0.8748778103616814,True,05e452b7-fe1e-49bc-b1ea-0c01cd7fb220,a8cfdb3c-84fd-47b2-9ab6-a8d967d184a1,interleaved-v1,True,False,1,60,625,21
grouped_gemm/m-dsv4-flash-w2-ep8-bs4-hot,decode,legacy,masked,dsv4-flash,w2,8,,,,,,32,128,,1,,4096,2048,,26.624,20.448,0.7680288461538463,,,0.7680288461538463,True,05e452b7-fe1e-49bc-b1ea-0c01cd7fb220,a8cfdb3c-84fd-47b2-9ab6-a8d967d184a1,interleaved-v1,True,False,1,60,625,21
grouped_gemm/m-dsv4-flash-w2-ep8-bs16-balanced,decode,legacy,masked,dsv4-flash,w2,8,,,,,,32,128,,1,,4096,2048,,106.096,100.32,0.9455587392550142,,,0.9455587392550142,True,05e452b7-fe1e-49bc-b1ea-0c01cd7fb220,a8cfdb3c-84fd-47b2-9ab6-a8d967d184a1,interleaved-v1,True,False,1,60,625,21
grouped_gemm/m-dsv4-flash-w2-ep8-bs16-zipf,decode,legacy,masked,dsv4-flash,w2,8,,,,,,32,128,,1,,4096,2048,,69.632,65.504,0.9407169117647058,,,0.9407169117647058,True,05e452b7-fe1e-49bc-b1ea-0c01cd7fb220,a8cfdb3c-84fd-47b2-9ab6-a8d967d184a1,interleaved-v1,True,False,1,60,625,21
grouped_gemm/m-dsv4-flash-w2-ep8-bs16-hot,decode,legacy,masked,dsv4-flash,w2,8,,,,,,32,128,,1,,4096,2048,,55.264,49.12,0.8888245512449333,,,0.8888245512449333,True,05e452b7-fe1e-49bc-b1ea-0c01cd7fb220,a8cfdb3c-84fd-47b2-9ab6-a8d967d184a1,interleaved-v1,True,False,1,60,625,21
grouped_gemm/m-dsv4-flash-w2-ep8-bs64-balanced,decode,legacy,masked,dsv4-flash,w2,8,,,,,,32,128,,2,,4096,2048,,202.72,198.624,0.9797947908445146,,,0.9797947908445146,True,05e452b7-fe1e-49bc-b1ea-0c01cd7fb220,a8cfdb3c-84fd-47b2-9ab6-a8d967d184a1,interleaved-v1,True,False,1,60,625,22
grouped_gemm/m-dsv4-flash-w2-ep8-bs64-zipf,decode,legacy,masked,dsv4-flash,w2,8,,,,,,32,128,,2,,4096,2048,,147.424,143.328,0.9722161927501628,,,0.9722161927501628,True,05e452b7-fe1e-49bc-b1ea-0c01cd7fb220,a8cfdb3c-84fd-47b2-9ab6-a8d967d184a1,interleaved-v1,True,False,1,60,625,22
grouped_gemm/m-dsv4-flash-w2-ep8-bs64-hot,decode,legacy,masked,dsv4-flash,w2,8,,,,,,32,128,,2,,4096,2048,,165.888,163.808,0.9874614197530863,,,0.9874614197530863,True,05e452b7-fe1e-49bc-b1ea-0c01cd7fb220,a8cfdb3c-84fd-47b2-9ab6-a8d967d184a1,interleaved-v1,True,False,1,60,625,22
grouped_gemm/m-dsv4-flash-w2-ep8-bs128-balanced,decode,legacy,masked,dsv4-flash,w2,8,,,,,,32,128,,3,,4096,2048,,202.72,198.624,0.9797947908445146,,,0.9797947908445146,True,05e452b7-fe1e-49bc-b1ea-0c01cd7fb220,a8cfdb3c-84fd-47b2-9ab6-a8d967d184a1,interleaved-v1,True,False,1,60,625,22
grouped_gemm/m-dsv4-flash-w2-ep8-bs128-zipf,decode,legacy,masked,dsv4-flash,w2,8,,,,,,32,128,,3,,4096,2048,,202.72,200.672,0.9898973954222573,,,0.9898973954222573,True,05e452b7-fe1e-49bc-b1ea-0c01cd7fb220,a8cfdb3c-84fd-47b2-9ab6-a8d967d184a1,interleaved-v1,True,False,1,60,625,22
grouped_gemm/m-dsv4-flash-w2-ep8-bs128-hot,decode,legacy,masked,dsv4-flash,w2,8,,,,,,32,128,,3,,4096,2048,,202.736,198.624,0.9797174650777366,,,0.9797174650777366,True,05e452b7-fe1e-49bc-b1ea-0c01cd7fb220,a8cfdb3c-84fd-47b2-9ab6-a8d967d184a1,interleaved-v1,True,False,1,60,625,22
grouped_gemm/m-glm-5.3-w13-ep1-bs1-balanced,decode,legacy,masked,glm-5.3,w13,1,,,,,,256,128,,1,,4096,6144,,339.584,155.168,0.4569355446664154,,,0.4569355446664154,True,05e452b7-fe1e-49bc-b1ea-0c01cd7fb220,a8cfdb3c-84fd-47b2-9ab6-a8d967d184a1,interleaved-v1,True,False,1,60,625,22
grouped_gemm/m-glm-5.3-w13-ep1-bs1-zipf,decode,legacy,masked,glm-5.3,w13,1,,,,,,256,128,,1,,4096,6144,,317.03999999999996,138.816,0.4378501135503407,,,0.4378501135503407,True,05e452b7-fe1e-49bc-b1ea-0c01cd7fb220,a8cfdb3c-84fd-47b2-9ab6-a8d967d184a1,interleaved-v1,True,False,1,60,625,22
grouped_gemm/m-glm-5.3-w13-ep1-bs1-hot,decode,legacy,masked,glm-5.3,w13,1,,,,,,256,128,,1,,4096,6144,,253.6,85.824,0.3384227129337539,,,0.3384227129337539,True,05e452b7-fe1e-49bc-b1ea-0c01cd7fb220,a8cfdb3c-84fd-47b2-9ab6-a8d967d184a1,interleaved-v1,True,False,1,60,625,23
grouped_gemm/m-glm-5.3-w13-ep1-bs4-balanced,decode,legacy,masked,glm-5.3,w13,1,,,,,,256,128,,1,,4096,6144,,766.768,589.824,0.7692339795087952,,,0.7692339795087952,True,05e452b7-fe1e-49bc-b1ea-0c01cd7fb220,a8cfdb3c-84fd-47b2-9ab6-a8d967d184a1,interleaved-v1,True,False,1,60,625,23
grouped_gemm/m-glm-5.3-w13-ep1-bs4-zipf,decode,legacy,masked,glm-5.3,w13,1,,,,,,256,128,,1,,4096,6144,,538.624,374.384,0.6950748574144486,,,0.6950748574144486,True,05e452b7-fe1e-49bc-b1ea-0c01cd7fb220,a8cfdb3c-84fd-47b2-9ab6-a8d967d184a1,interleaved-v1,True,False,1,60,625,23
grouped_gemm/m-glm-5.3-w13-ep1-bs4-hot,decode,legacy,masked,glm-5.3,w13,1,,,,,,256,128,,1,,4096,6144,,425.984,247.392,0.5807542067307693,,,0.5807542067307693,True,05e452b7-fe1e-49bc-b1ea-0c01cd7fb220,a8cfdb3c-84fd-47b2-9ab6-a8d967d184a1,interleaved-v1,True,False,1,60,625,23
grouped_gemm/m-glm-5.3-w13-ep1-bs16-balanced,decode,legacy,masked,glm-5.3,w13,1,,,,,,256,128,,1,,4096,6144,,2482.176,2337.776,0.9418252372112211,,,0.9418252372112211,True,05e452b7-fe1e-49bc-b1ea-0c01cd7fb220,a8cfdb3c-84fd-47b2-9ab6-a8d967d184a1,interleaved-v1,True,False,1,60,625,23
grouped_gemm/m-glm-5.3-w13-ep1-bs16-zipf,decode,legacy,masked,glm-5.3,w13,1,,,,,,256,128,,1,,4096,6144,,1112.064,960.512,0.863720073664825,,,0.863720073664825,True,05e452b7-fe1e-49bc-b1ea-0c01cd7fb220,a8cfdb3c-84fd-47b2-9ab6-a8d967d184a1,interleaved-v1,True,False,1,60,625,23
grouped_gemm/m-glm-5.3-w13-ep1-bs16-hot,decode,legacy,masked,glm-5.3,w13,1,,,,,,256,128,,1,,4096,6144,,1118.016,964.448,0.8626423950998912,,,0.8626423950998912,True,05e452b7-fe1e-49bc-b1ea-0c01cd7fb220,a8cfdb3c-84fd-47b2-9ab6-a8d967d184a1,interleaved-v1,True,False,1,60,625,23
grouped_gemm/m-glm-5.3-w13-ep1-bs64-balanced,decode,legacy,masked,glm-5.3,w13,1,,,,,,256,128,,2,,4096,6144,,4792.08,4663.856,0.9732425168194186,,,0.9732425168194186,True,05e452b7-fe1e-49bc-b1ea-0c01cd7fb220,a8cfdb3c-84fd-47b2-9ab6-a8d967d184a1,interleaved-v1,True,False,1,60,625,23
grouped_gemm/m-glm-5.3-w13-ep1-bs64-zipf,decode,legacy,masked,glm-5.3,w13,1,,,,,,256,128,,2,,4096,6144,,2478.08,2349.056,0.9479338842975207,,,0.9479338842975207,True,05e452b7-fe1e-49bc-b1ea-0c01cd7fb220,a8cfdb3c-84fd-47b2-9ab6-a8d967d184a1,interleaved-v1,True,False,1,60,625,24
grouped_gemm/m-glm-5.3-w13-ep1-bs64-hot,decode,legacy,masked,glm-5.3,w13,1,,,,,,256,128,,2,,4096,6144,,3901.44,3755.6,0.9626189304461942,,,0.9626189304461942,True,05e452b7-fe1e-49bc-b1ea-0c01cd7fb220,a8cfdb3c-84fd-47b2-9ab6-a8d967d184a1,interleaved-v1,True,False,1,60,625,24
grouped_gemm/m-glm-5.3-w13-ep1-bs128-balanced,decode,legacy,masked,glm-5.3,w13,1,,,,,,256,128,,4,,4096,6144,,4792.592,4664.592000000001,0.9732921141628582,,,0.9732921141628582,True,05e452b7-fe1e-49bc-b1ea-0c01cd7fb220,a8cfdb3c-84fd-47b2-9ab6-a8d967d184a1,interleaved-v1,True,False,1,60,625,24
grouped_gemm/m-glm-5.3-w13-ep1-bs128-zipf,decode,legacy,masked,glm-5.3,w13,1,,,,,,256,128,,4,,4096,6144,,4317.84,4201.456,0.9730457821503344,,,0.9730457821503344,True,05e452b7-fe1e-49bc-b1ea-0c01cd7fb220,a8cfdb3c-84fd-47b2-9ab6-a8d967d184a1,interleaved-v1,True,False,1,60,625,24
grouped_gemm/m-glm-5.3-w13-ep1-bs128-hot,decode,legacy,masked,glm-5.3,w13,1,,,,,,256,128,,4,,4096,6144,,4790.784,4667.728,0.9743140162445229,,,0.9743140162445229,True,05e452b7-fe1e-49bc-b1ea-0c01cd7fb220,a8cfdb3c-84fd-47b2-9ab6-a8d967d184a1,interleaved-v1,True,False,1,60,625,24
grouped_gemm/m-glm-5.3-w13-ep4-bs1-balanced,decode,legacy,masked,glm-5.3,w13,4,,,,,,64,128,,1,,4096,6144,,85.536,48.784,0.5703329592218481,,,0.5703329592218481,True,05e452b7-fe1e-49bc-b1ea-0c01cd7fb220,a8cfdb3c-84fd-47b2-9ab6-a8d967d184a1,interleaved-v1,True,False,1,60,625,24
grouped_gemm/m-glm-5.3-w13-ep4-bs1-zipf,decode,legacy,masked,glm-5.3,w13,4,,,,,,64,128,,1,,4096,6144,,83.80799999999999,49.12,0.5861015654830088,,,0.5861015654830088,True,05e452b7-fe1e-49bc-b1ea-0c01cd7fb220,a8cfdb3c-84fd-47b2-9ab6-a8d967d184a1,interleaved-v1,True,False,1,60,625,24
grouped_gemm/m-glm-5.3-w13-ep4-bs1-hot,decode,legacy,masked,glm-5.3,w13,4,,,,,,64,128,,1,,4096,6144,,73.728,32.352,0.4388020833333333,,,0.4388020833333333,True,05e452b7-fe1e-49bc-b1ea-0c01cd7fb220,a8cfdb3c-84fd-47b2-9ab6-a8d967d184a1,interleaved-v1,True,False,1,60,625,24
grouped_gemm/m-glm-5.3-w13-ep4-bs4-balanced,decode,legacy,masked,glm-5.3,w13,4,,,,,,64,128,,1,,4096,6144,,198.656,154.352,0.7769813144329897,,,0.7769813144329897,True,05e452b7-fe1e-49bc-b1ea-0c01cd7fb220,a8cfdb3c-84fd-47b2-9ab6-a8d967d184a1,interleaved-v1,True,False,1,60,625,25
grouped_gemm/m-glm-5.3-w13-ep4-bs4-zipf,decode,legacy,masked,glm-5.3,w13,4,,,,,,64,128,,1,,4096,6144,,176.128,124.928,0.7093023255813954,,,0.7093023255813954,True,05e452b7-fe1e-49bc-b1ea-0c01cd7fb220,a8cfdb3c-84fd-47b2-9ab6-a8d967d184a1,interleaved-v1,True,False,1,60,625,25
grouped_gemm/m-glm-5.3-w13-ep4-bs4-hot,decode,legacy,masked,glm-5.3,w13,4,,,,,,64,128,,1,,4096,6144,,120.832,83.6,0.6918697033898304,,,0.6918697033898304,True,05e452b7-fe1e-49bc-b1ea-0c01cd7fb220,a8cfdb3c-84fd-47b2-9ab6-a8d967d184a1,interleaved-v1,True,False,1,60,625,25
grouped_gemm/m-glm-5.3-w13-ep4-bs16-balanced,decode,legacy,masked,glm-5.3,w13,4,,,,,,64,128,,1,,4096,6144,,626.272,589.824,0.9418016452915026,,,0.9418016452915026,True,05e452b7-fe1e-49bc-b1ea-0c01cd7fb220,a8cfdb3c-84fd-47b2-9ab6-a8d967d184a1,interleaved-v1,True,False,1,60,625,25
grouped_gemm/m-glm-5.3-w13-ep4-bs16-zipf,decode,legacy,masked,glm-5.3,w13,4,,,,,,64,128,,1,,4096,6144,,335.872,301.024,0.8962461890243902,,,0.8962461890243902,True,05e452b7-fe1e-49bc-b1ea-0c01cd7fb220,a8cfdb3c-84fd-47b2-9ab6-a8d967d184a1,interleaved-v1,True,False,1,60,625,25
grouped_gemm/m-glm-5.3-w13-ep4-bs16-hot,decode,legacy,masked,glm-5.3,w13,4,,,,,,64,128,,1,,4096,6144,,290.336,245.392,0.845200044086851,,,0.845200044086851,True,05e452b7-fe1e-49bc-b1ea-0c01cd7fb220,a8cfdb3c-84fd-47b2-9ab6-a8d967d184a1,interleaved-v1,True,False,1,60,625,25
grouped_gemm/m-glm-5.3-w13-ep4-bs64-balanced,decode,legacy,masked,glm-5.3,w13,4,,,,,,64,128,,2,,4096,6144,,1196.032,1170.192,0.9783952268835617,,,0.9783952268835617,True,05e452b7-fe1e-49bc-b1ea-0c01cd7fb220,a8cfdb3c-84fd-47b2-9ab6-a8d967d184a1,interleaved-v1,True,False,1,60,625,25
grouped_gemm/m-glm-5.3-w13-ep4-bs64-zipf,decode,legacy,masked,glm-5.3,w13,4,,,,,,64,128,,2,,4096,6144,,784.384,757.7439999999999,0.9660370430809399,,,0.9660370430809399,True,05e452b7-fe1e-49bc-b1ea-0c01cd7fb220,a8cfdb3c-84fd-47b2-9ab6-a8d967d184a1,interleaved-v1,True,False,1,60,625,25
grouped_gemm/m-glm-5.3-w13-ep4-bs64-hot,decode,legacy,masked,glm-5.3,w13,4,,,,,,64,128,,2,,4096,6144,,984.912,954.368,0.9689880923371834,,,0.9689880923371834,True,05e452b7-fe1e-49bc-b1ea-0c01cd7fb220,a8cfdb3c-84fd-47b2-9ab6-a8d967d184a1,interleaved-v1,True,False,1,60,625,26
grouped_gemm/m-glm-5.3-w13-ep4-bs128-balanced,decode,legacy,masked,glm-5.3,w13,4,,,,,,64,128,,4,,4096,6144,,1196.032,1169.408,0.9777397260273972,,,0.9777397260273972,True,05e452b7-fe1e-49bc-b1ea-0c01cd7fb220,a8cfdb3c-84fd-47b2-9ab6-a8d967d184a1,interleaved-v1,True,False,1,60,625,26
grouped_gemm/m-glm-5.3-w13-ep4-bs128-zipf,decode,legacy,masked,glm-5.3,w13,4,,,,,,64,128,,4,,4096,6144,,1091.584,1064.96,0.975609756097561,,,0.975609756097561,True,05e452b7-fe1e-49bc-b1ea-0c01cd7fb220,a8cfdb3c-84fd-47b2-9ab6-a8d967d184a1,interleaved-v1,True,False,1,60,625,26
grouped_gemm/m-glm-5.3-w13-ep4-bs128-hot,decode,legacy,masked,glm-5.3,w13,4,,,,,,64,128,,4,,4096,6144,,1198.08,1173.504,0.9794871794871794,,,0.9794871794871794,True,05e452b7-fe1e-49bc-b1ea-0c01cd7fb220,a8cfdb3c-84fd-47b2-9ab6-a8d967d184a1,interleaved-v1,True,False,1,60,625,26
grouped_gemm/m-glm-5.3-w13-ep8-bs1-balanced,decode,legacy,masked,glm-5.3,w13,8,,,,,,32,128,,1,,4096,6144,,55.296,32.736,0.5920138888888888,,,0.5920138888888888,True,05e452b7-fe1e-49bc-b1ea-0c01cd7fb220,a8cfdb3c-84fd-47b2-9ab6-a8d967d184a1,interleaved-v1,True,False,1,60,625,26
grouped_gemm/m-glm-5.3-w13-ep8-bs1-zipf,decode,legacy,masked,glm-5.3,w13,8,,,,,,32,128,,1,,4096,6144,,55.296,32.352,0.5850694444444444,,,0.5850694444444444,True,05e452b7-fe1e-49bc-b1ea-0c01cd7fb220,a8cfdb3c-84fd-47b2-9ab6-a8d967d184a1,interleaved-v1,True,False,1,60,625,26
grouped_gemm/m-glm-5.3-w13-ep8-bs1-hot,decode,legacy,masked,glm-5.3,w13,8,,,,,,32,128,,1,,4096,6144,,56.864,32.736,0.5756893640967923,,,0.5756893640967923,True,05e452b7-fe1e-49bc-b1ea-0c01cd7fb220,a8cfdb3c-84fd-47b2-9ab6-a8d967d184a1,interleaved-v1,True,False,1,60,625,26
grouped_gemm/m-glm-5.3-w13-ep8-bs4-balanced,decode,legacy,masked,glm-5.3,w13,8,,,,,,32,128,,1,,4096,6144,,98.304,81.904,0.8331705729166666,,,0.8331705729166666,True,05e452b7-fe1e-49bc-b1ea-0c01cd7fb220,a8cfdb3c-84fd-47b2-9ab6-a8d967d184a1,interleaved-v1,True,False,1,60,625,26
grouped_gemm/m-glm-5.3-w13-ep8-bs4-zipf,decode,legacy,masked,glm-5.3,w13,8,,,,,,32,128,,1,,4096,6144,,81.52000000000001,73.728,0.9044160942100097,,,0.9044160942100097,True,05e452b7-fe1e-49bc-b1ea-0c01cd7fb220,a8cfdb3c-84fd-47b2-9ab6-a8d967d184a1,interleaved-v1,True,False,1,60,625,27
grouped_gemm/m-glm-5.3-w13-ep8-bs4-hot,decode,legacy,masked,glm-5.3,w13,8,,,,,,32,128,,1,,4096,6144,,65.152,49.12,0.7539292730844793,,,0.7539292730844793,True,05e452b7-fe1e-49bc-b1ea-0c01cd7fb220,a8cfdb3c-84fd-47b2-9ab6-a8d967d184a1,interleaved-v1,True,False,1,60,625,27
grouped_gemm/m-glm-5.3-w13-ep8-bs16-balanced,decode,legacy,masked,glm-5.3,w13,8,,,,,,32,128,,1,,4096,6144,,315.392,298.976,0.947950487012987,,,0.947950487012987,True,05e452b7-fe1e-49bc-b1ea-0c01cd7fb220,a8cfdb3c-84fd-47b2-9ab6-a8d967d184a1,interleaved-v1,True,False,1,60,625,27
grouped_gemm/m-glm-5.3-w13-ep8-bs16-zipf,decode,legacy,masked,glm-5.3,w13,8,,,,,,32,128,,1,,4096,6144,,206.848,192.128,0.9288366336633662,,,0.9288366336633662,True,05e452b7-fe1e-49bc-b1ea-0c01cd7fb220,a8cfdb3c-84fd-47b2-9ab6-a8d967d184a1,interleaved-v1,True,False,1,60,625,27
grouped_gemm/m-glm-5.3-w13-ep8-bs16-hot,decode,legacy,masked,glm-5.3,w13,8,,,,,,32,128,,1,,4096,6144,,161.344,136.832,0.8480761602538675,,,0.8480761602538675,True,05e452b7-fe1e-49bc-b1ea-0c01cd7fb220,a8cfdb3c-84fd-47b2-9ab6-a8d967d184a1,interleaved-v1,True,False,1,60,625,27
grouped_gemm/m-glm-5.3-w13-ep8-bs64-balanced,decode,legacy,masked,glm-5.3,w13,8,,,,,,32,128,,2,,4096,6144,,604.16,589.792,0.9762182203389832,,,0.9762182203389832,True,05e452b7-fe1e-49bc-b1ea-0c01cd7fb220,a8cfdb3c-84fd-47b2-9ab6-a8d967d184a1,interleaved-v1,True,False,1,60,625,27
grouped_gemm/m-glm-5.3-w13-ep8-bs64-zipf,decode,legacy,masked,glm-5.3,w13,8,,,,,,32,128,,2,,4096,6144,,440.32,428.032,0.9720930232558139,,,0.9720930232558139,True,05e452b7-fe1e-49bc-b1ea-0c01cd7fb220,a8cfdb3c-84fd-47b2-9ab6-a8d967d184a1,interleaved-v1,True,False,1,60,625,27
grouped_gemm/m-glm-5.3-w13-ep8-bs64-hot,decode,legacy,masked,glm-5.3,w13,8,,,,,,32,128,,2,,4096,6144,,495.616,483.328,0.9752066115702479,,,0.9752066115702479,True,05e452b7-fe1e-49bc-b1ea-0c01cd7fb220,a8cfdb3c-84fd-47b2-9ab6-a8d967d184a1,interleaved-v1,True,False,1,60,625,27
grouped_gemm/m-glm-5.3-w13-ep8-bs128-balanced,decode,legacy,masked,glm-5.3,w13,8,,,,,,32,128,,4,,4096,6144,,602.112,589.792,0.9795386904761906,,,0.9795386904761906,True,5bcfe3a4-3aa7-4649-9833-63d109713525,f05f535f-8df9-441e-b661-0bc9dc6e4fce,interleaved-v1,True,False,1,60,626,28
grouped_gemm/m-glm-5.3-w13-ep8-bs128-zipf,decode,legacy,masked,glm-5.3,w13,8,,,,,,32,128,,4,,4096,6144,,604.944,591.872,0.9783913882937925,,,0.9783913882937925,True,5bcfe3a4-3aa7-4649-9833-63d109713525,f05f535f-8df9-441e-b661-0bc9dc6e4fce,interleaved-v1,True,False,1,60,626,28
grouped_gemm/m-glm-5.3-w13-ep8-bs128-hot,decode,legacy,masked,glm-5.3,w13,8,,,,,,32,128,,4,,4096,6144,,602.112,593.888,0.986341411564626,,,0.986341411564626,True,5bcfe3a4-3aa7-4649-9833-63d109713525,f05f535f-8df9-441e-b661-0bc9dc6e4fce,interleaved-v1,True,False,1,60,626,28
grouped_gemm/m-glm-5.3-w2-ep1-bs1-balanced,decode,legacy,masked,glm-5.3,w2,1,,,,,,256,128,,1,,6144,2048,,175.744,83.584,0.47560087399854334,,,0.47560087399854334,True,5bcfe3a4-3aa7-4649-9833-63d109713525,f05f535f-8df9-441e-b661-0bc9dc6e4fce,interleaved-v1,True,False,1,60,626,28
grouped_gemm/m-glm-5.3-w2-ep1-bs1-zipf,decode,legacy,masked,glm-5.3,w2,1,,,,,,256,128,,1,,6144,2048,,151.52,73.696,0.48637803590285106,,,0.48637803590285106,True,5bcfe3a4-3aa7-4649-9833-63d109713525,f05f535f-8df9-441e-b661-0bc9dc6e4fce,interleaved-v1,True,False,1,60,626,28
grouped_gemm/m-glm-5.3-w2-ep1-bs1-hot,decode,legacy,masked,glm-5.3,w2,1,,,,,,256,128,,1,,6144,2048,,129.024,50.848,0.3940972222222222,,,0.3940972222222222,True,5bcfe3a4-3aa7-4649-9833-63d109713525,f05f535f-8df9-441e-b661-0bc9dc6e4fce,interleaved-v1,True,False,1,60,626,28
grouped_gemm/m-glm-5.3-w2-ep1-bs4-balanced,decode,legacy,masked,glm-5.3,w2,1,,,,,,256,128,,1,,6144,2048,,399.36,301.024,0.7537660256410256,,,0.7537660256410256,True,5bcfe3a4-3aa7-4649-9833-63d109713525,f05f535f-8df9-441e-b661-0bc9dc6e4fce,interleaved-v1,True,False,1,60,626,28
grouped_gemm/m-glm-5.3-w2-ep1-bs4-zipf,decode,legacy,masked,glm-5.3,w2,1,,,,,,256,128,,1,,6144,2048,,270.336,190.39999999999998,0.704308712121212,,,0.704308712121212,True,5bcfe3a4-3aa7-4649-9833-63d109713525,f05f535f-8df9-441e-b661-0bc9dc6e4fce,interleaved-v1,True,False,1,60,626,28
grouped_gemm/m-glm-5.3-w2-ep1-bs4-hot,decode,legacy,masked,glm-5.3,w2,1,,,,,,256,128,,1,,6144,2048,,219.136,124.896,0.5699474299065421,,,0.5699474299065421,True,5bcfe3a4-3aa7-4649-9833-63d109713525,f05f535f-8df9-441e-b661-0bc9dc6e4fce,interleaved-v1,True,False,1,60,626,29
grouped_gemm/m-glm-5.3-w2-ep1-bs16-balanced,decode,legacy,masked,glm-5.3,w2,1,,,,,,256,128,,1,,6144,2048,,1265.664,1177.568,0.930395428802589,,,0.930395428802589,True,5bcfe3a4-3aa7-4649-9833-63d109713525,f05f535f-8df9-441e-b661-0bc9dc6e4fce,interleaved-v1,True,False,1,60,626,29
grouped_gemm/m-glm-5.3-w2-ep1-bs16-zipf,decode,legacy,masked,glm-5.3,w2,1,,,,,,256,128,,1,,6144,2048,,568.08,482.976,0.850190114068441,,,0.850190114068441,True,5bcfe3a4-3aa7-4649-9833-63d109713525,f05f535f-8df9-441e-b661-0bc9dc6e4fce,interleaved-v1,True,False,1,60,626,29
grouped_gemm/m-glm-5.3-w2-ep1-bs16-hot,decode,legacy,masked,glm-5.3,w2,1,,,,,,256,128,,1,,6144,2048,,575.488,487.392,0.846919483985765,,,0.846919483985765,True,5bcfe3a4-3aa7-4649-9833-63d109713525,f05f535f-8df9-441e-b661-0bc9dc6e4fce,interleaved-v1,True,False,1,60,626,29
grouped_gemm/m-glm-5.3-w2-ep1-bs64-balanced,decode,legacy,masked,glm-5.3,w2,1,,,,,,256,128,,2,,6144,2048,,2441.216,2353.152,0.9639261744966443,,,0.9639261744966443,True,5bcfe3a4-3aa7-4649-9833-63d109713525,f05f535f-8df9-441e-b661-0bc9dc6e4fce,interleaved-v1,True,False,1,60,626,29
grouped_gemm/m-glm-5.3-w2-ep1-bs64-zipf,decode,legacy,masked,glm-5.3,w2,1,,,,,,256,128,,2,,6144,2048,,1261.1680000000001,1185.76,0.9402078073658703,,,0.9402078073658703,True,5bcfe3a4-3aa7-4649-9833-63d109713525,f05f535f-8df9-441e-b661-0bc9dc6e4fce,interleaved-v1,True,False,1,60,626,29
grouped_gemm/m-glm-5.3-w2-ep1-bs64-hot,decode,legacy,masked,glm-5.3,w2,1,,,,,,256,128,,2,,6144,2048,,1980.704,1896.448,0.9574615894146729,,,0.9574615894146729,True,5bcfe3a4-3aa7-4649-9833-63d109713525,f05f535f-8df9-441e-b661-0bc9dc6e4fce,interleaved-v1,True,False,1,60,626,29
grouped_gemm/m-glm-5.3-w2-ep1-bs128-balanced,decode,legacy,masked,glm-5.3,w2,1,,,,,,256,128,,4,,6144,2048,,2442.048,2353.152,0.9635977671200567,,,0.9635977671200567,True,5bcfe3a4-3aa7-4649-9833-63d109713525,f05f535f-8df9-441e-b661-0bc9dc6e4fce,interleaved-v1,True,False,1,60,626,29
grouped_gemm/m-glm-5.3-w2-ep1-bs128-zipf,decode,legacy,masked,glm-5.3,w2,1,,,,,,256,128,,4,,6144,2048,,2146.304,2073.344,0.966006679389313,,,0.966006679389313,True,5bcfe3a4-3aa7-4649-9833-63d109713525,f05f535f-8df9-441e-b661-0bc9dc6e4fce,interleaved-v1,True,False,1,60,626,30
grouped_gemm/m-glm-5.3-w2-ep1-bs128-hot,decode,legacy,masked,glm-5.3,w2,1,,,,,,256,128,,4,,6144,2048,,2440.176,2356.864,0.9658582003921029,,,0.9658582003921029,True,5bcfe3a4-3aa7-4649-9833-63d109713525,f05f535f-8df9-441e-b661-0bc9dc6e4fce,interleaved-v1,True,False,1,60,626,30
grouped_gemm/m-glm-5.3-w2-ep4-bs1-balanced,decode,legacy,masked,glm-5.3,w2,4,,,,,,64,128,,1,,6144,2048,,44.704,28.64,0.6406585540443808,,,0.6406585540443808,True,5bcfe3a4-3aa7-4649-9833-63d109713525,f05f535f-8df9-441e-b661-0bc9dc6e4fce,interleaved-v1,True,False,1,60,626,30
grouped_gemm/m-glm-5.3-w2-ep4-bs1-zipf,decode,legacy,masked,glm-5.3,w2,4,,,,,,64,128,,1,,6144,2048,,45.056,28.64,0.6356534090909092,,,0.6356534090909092,True,5bcfe3a4-3aa7-4649-9833-63d109713525,f05f535f-8df9-441e-b661-0bc9dc6e4fce,interleaved-v1,True,False,1,60,626,30
grouped_gemm/m-glm-5.3-w2-ep4-bs1-hot,decode,legacy,masked,glm-5.3,w2,4,,,,,,64,128,,1,,6144,2048,,40.928,18.4,0.44956997654417513,,,0.44956997654417513,True,5bcfe3a4-3aa7-4649-9833-63d109713525,f05f535f-8df9-441e-b661-0bc9dc6e4fce,interleaved-v1,True,False,1,60,626,30
grouped_gemm/m-glm-5.3-w2-ep4-bs4-balanced,decode,legacy,masked,glm-5.3,w2,4,,,,,,64,128,,1,,6144,2048,,99.872,77.824,0.7792374239025953,,,0.7792374239025953,True,5bcfe3a4-3aa7-4649-9833-63d109713525,f05f535f-8df9-441e-b661-0bc9dc6e4fce,interleaved-v1,True,False,1,60,626,30
grouped_gemm/m-glm-5.3-w2-ep4-bs4-zipf,decode,legacy,masked,glm-5.3,w2,4,,,,,,64,128,,1,,6144,2048,,75.744,61.424,0.8109421208280524,,,0.8109421208280524,True,5bcfe3a4-3aa7-4649-9833-63d109713525,f05f535f-8df9-441e-b661-0bc9dc6e4fce,interleaved-v1,True,False,1,60,626,30
grouped_gemm/m-glm-5.3-w2-ep4-bs4-hot,decode,legacy,masked,glm-5.3,w2,4,,,,,,64,128,,1,,6144,2048,,63.120000000000005,45.056,0.7138149556400506,,,0.7138149556400506,True,5bcfe3a4-3aa7-4649-9833-63d109713525,f05f535f-8df9-441e-b661-0bc9dc6e4fce,interleaved-v1,True,False,1,60,626,30
grouped_gemm/m-glm-5.3-w2-ep4-bs16-balanced,decode,legacy,masked,glm-5.3,w2,4,,,,,,64,128,,1,,6144,2048,,321.536,296.928,0.923467356687898,,,0.923467356687898,True,5bcfe3a4-3aa7-4649-9833-63d109713525,f05f535f-8df9-441e-b661-0bc9dc6e4fce,interleaved-v1,True,False,1,60,626,31
grouped_gemm/m-glm-5.3-w2-ep4-bs16-zipf,decode,legacy,masked,glm-5.3,w2,4,,,,,,64,128,,1,,6144,2048,,167.936,149.504,0.8902439024390243,,,0.8902439024390243,True,5bcfe3a4-3aa7-4649-9833-63d109713525,f05f535f-8df9-441e-b661-0bc9dc6e4fce,interleaved-v1,True,False,1,60,626,31
grouped_gemm/m-glm-5.3-w2-ep4-bs16-hot,decode,legacy,masked,glm-5.3,w2,4,,,,,,64,128,,1,,6144,2048,,141.312,122.848,0.8693387681159419,,,0.8693387681159419,True,5bcfe3a4-3aa7-4649-9833-63d109713525,f05f535f-8df9-441e-b661-0bc9dc6e4fce,interleaved-v1,True,False,1,60,626,31
grouped_gemm/m-glm-5.3-w2-ep4-bs64-balanced,decode,legacy,masked,glm-5.3,w2,4,,,,,,64,128,,2,,6144,2048,,610.304,591.36,0.9689597315436242,,,0.9689597315436242,True,5bcfe3a4-3aa7-4649-9833-63d109713525,f05f535f-8df9-441e-b661-0bc9dc6e4fce,interleaved-v1,True,False,1,60,626,31
grouped_gemm/m-glm-5.3-w2-ep4-bs64-zipf,decode,legacy,masked,glm-5.3,w2,4,,,,,,64,128,,2,,6144,2048,,397.312,380.896,0.9586823453608248,,,0.9586823453608248,True,5bcfe3a4-3aa7-4649-9833-63d109713525,f05f535f-8df9-441e-b661-0bc9dc6e4fce,interleaved-v1,True,False,1,60,626,31
grouped_gemm/m-glm-5.3-w2-ep4-bs64-hot,decode,legacy,masked,glm-5.3,w2,4,,,,,,64,128,,2,,6144,2048,,497.664,481.248,0.9670138888888888,,,0.9670138888888888,True,5bcfe3a4-3aa7-4649-9833-63d109713525,f05f535f-8df9-441e-b661-0bc9dc6e4fce,interleaved-v1,True,False,1,60,626,31
grouped_gemm/m-glm-5.3-w2-ep4-bs128-balanced,decode,legacy,masked,glm-5.3,w2,4,,,,,,64,128,,4,,6144,2048,,610.304,589.824,0.9664429530201342,,,0.9664429530201342,True,5bcfe3a4-3aa7-4649-9833-63d109713525,f05f535f-8df9-441e-b661-0bc9dc6e4fce,interleaved-v1,True,False,1,60,626,31
grouped_gemm/m-glm-5.3-w2-ep4-bs128-zipf,decode,legacy,masked,glm-5.3,w2,4,,,,,,64,128,,4,,6144,2048,,552.96,538.592,0.9740162037037036,,,0.9740162037037036,True,5bcfe3a4-3aa7-4649-9833-63d109713525,f05f535f-8df9-441e-b661-0bc9dc6e4fce,interleaved-v1,True,False,1,60,626,31
grouped_gemm/m-glm-5.3-w2-ep4-bs128-hot,decode,legacy,masked,glm-5.3,w2,4,,,,,,64,128,,4,,6144,2048,,608.256,595.936,0.9797453703703705,,,0.9797453703703705,True,5bcfe3a4-3aa7-4649-9833-63d109713525,f05f535f-8df9-441e-b661-0bc9dc6e4fce,interleaved-v1,True,False,1,60,626,32
grouped_gemm/m-glm-5.3-w2-ep8-bs1-balanced,decode,legacy,masked,glm-5.3,w2,8,,,,,,32,128,,1,,6144,2048,,28.672,18.4,0.6417410714285714,,,0.6417410714285714,True,5bcfe3a4-3aa7-4649-9833-63d109713525,f05f535f-8df9-441e-b661-0bc9dc6e4fce,interleaved-v1,True,False,1,60,626,32
grouped_gemm/m-glm-5.3-w2-ep8-bs1-zipf,decode,legacy,masked,glm-5.3,w2,8,,,,,,32,128,,1,,6144,2048,,30.223999999999997,18.4,0.6087877183695077,,,0.6087877183695077,True,5bcfe3a4-3aa7-4649-9833-63d109713525,f05f535f-8df9-441e-b661-0bc9dc6e4fce,interleaved-v1,True,False,1,60,626,32
grouped_gemm/m-glm-5.3-w2-ep8-bs1-hot,decode,legacy,masked,glm-5.3,w2,8,,,,,,32,128,,1,,6144,2048,,28.64,18.4,0.6424581005586592,,,0.6424581005586592,True,5bcfe3a4-3aa7-4649-9833-63d109713525,f05f535f-8df9-441e-b661-0bc9dc6e4fce,interleaved-v1,True,False,1,60,626,32
grouped_gemm/m-glm-5.3-w2-ep8-bs4-balanced,decode,legacy,masked,glm-5.3,w2,8,,,,,,32,128,,1,,6144,2048,,55.296,44.864000000000004,0.8113425925925927,,,0.8113425925925927,True,5bcfe3a4-3aa7-4649-9833-63d109713525,f05f535f-8df9-441e-b661-0bc9dc6e4fce,interleaved-v1,True,False,1,60,626,32
grouped_gemm/m-glm-5.3-w2-ep8-bs4-zipf,decode,legacy,masked,glm-5.3,w2,8,,,,,,32,128,,1,,6144,2048,,42.512,34.784,0.8182160331200602,,,0.8182160331200602,True,5bcfe3a4-3aa7-4649-9833-63d109713525,f05f535f-8df9-441e-b661-0bc9dc6e4fce,interleaved-v1,True,False,1,60,626,32
grouped_gemm/m-glm-5.3-w2-ep8-bs4-hot,decode,legacy,masked,glm-5.3,w2,8,,,,,,32,128,,1,,6144,2048,,34.672,28.672,0.8269497000461469,,,0.8269497000461469,True,5bcfe3a4-3aa7-4649-9833-63d109713525,f05f535f-8df9-441e-b661-0bc9dc6e4fce,interleaved-v1,True,False,1,60,626,32
grouped_gemm/m-glm-5.3-w2-ep8-bs16-balanced,decode,legacy,masked,glm-5.3,w2,8,,,,,,32,128,,1,,6144,2048,,159.264,151.104,0.9487643158529234,,,0.9487643158529234,True,5bcfe3a4-3aa7-4649-9833-63d109713525,f05f535f-8df9-441e-b661-0bc9dc6e4fce,interleaved-v1,True,False,1,60,626,32
grouped_gemm/m-glm-5.3-w2-ep8-bs16-zipf,decode,legacy,masked,glm-5.3,w2,8,,,,,,32,128,,1,,6144,2048,,100.352,96.224,0.9588647959183674,,,0.9588647959183674,True,5bcfe3a4-3aa7-4649-9833-63d109713525,f05f535f-8df9-441e-b661-0bc9dc6e4fce,interleaved-v1,True,False,1,60,626,33
grouped_gemm/m-glm-5.3-w2-ep8-bs16-hot,decode,legacy,masked,glm-5.3,w2,8,,,,,,32,128,,1,,6144,2048,,75.776,69.12,0.9121621621621623,0.9127587663709337,0.9123362906632868,0.9127587663709337,True,5bcfe3a4-3aa7-4649-9833-63d109713525,f05f535f-8df9-441e-b661-0bc9dc6e4fce,interleaved-v1,True,True,3,860,626,33
grouped_gemm/m-glm-5.3-w2-ep8-bs64-balanced,decode,legacy,masked,glm-5.3,w2,8,,,,,,32,128,,2,,6144,2048,,309.248,296.96,0.9602649006622516,,,0.9602649006622516,True,5bcfe3a4-3aa7-4649-9833-63d109713525,f05f535f-8df9-441e-b661-0bc9dc6e4fce,interleaved-v1,True,False,1,60,626,33
grouped_gemm/m-glm-5.3-w2-ep8-bs64-zipf,decode,legacy,masked,glm-5.3,w2,8,,,,,,32,128,,2,,6144,2048,,221.152,215.008,0.9722182028649979,,,0.9722182028649979,True,5bcfe3a4-3aa7-4649-9833-63d109713525,f05f535f-8df9-441e-b661-0bc9dc6e4fce,interleaved-v1,True,False,1,60,626,33
grouped_gemm/m-glm-5.3-w2-ep8-bs64-hot,decode,legacy,masked,glm-5.3,w2,8,,,,,,32,128,,2,,6144,2048,,247.792,241.632,0.975140440369342,,,0.975140440369342,True,5bcfe3a4-3aa7-4649-9833-63d109713525,f05f535f-8df9-441e-b661-0bc9dc6e4fce,interleaved-v1,True,False,1,60,626,33
grouped_gemm/m-glm-5.3-w2-ep8-bs128-balanced,decode,legacy,masked,glm-5.3,w2,8,,,,,,32,128,,4,,6144,2048,,309.248,296.96,0.9602649006622516,,,0.9602649006622516,True,5bcfe3a4-3aa7-4649-9833-63d109713525,f05f535f-8df9-441e-b661-0bc9dc6e4fce,interleaved-v1,True,False,1,60,626,33
grouped_gemm/m-glm-5.3-w2-ep8-bs128-zipf,decode,legacy,masked,glm-5.3,w2,8,,,,,,32,128,,4,,6144,2048,,309.248,296.928,0.9601614238410596,,,0.9601614238410596,True,5bcfe3a4-3aa7-4649-9833-63d109713525,f05f535f-8df9-441e-b661-0bc9dc6e4fce,interleaved-v1,True,False,1,60,626,33
grouped_gemm/m-glm-5.3-w2-ep8-bs128-hot,decode,legacy,masked,glm-5.3,w2,8,,,,,,32,128,,4,,6144,2048,,303.104,298.99199999999996,0.9864336993243242,,,0.9864336993243242,True,5bcfe3a4-3aa7-4649-9833-63d109713525,f05f535f-8df9-441e-b661-0bc9dc6e4fce,interleaved-v1,True,False,1,60,626,33
grouped_gemm/m-glm-5.3-flash-w13-ep1-bs1-balanced,decode,legacy,masked,glm-5.3-flash,w13,1,,,,,,288,128,,1,,4096,4096,,249.856,104.096,0.4166239754098361,,,0.4166239754098361,True,5bcfe3a4-3aa7-4649-9833-63d109713525,f05f535f-8df9-441e-b661-0bc9dc6e4fce,interleaved-v1,True,False,1,60,626,34
grouped_gemm/m-glm-5.3-flash-w13-ep1-bs1-zipf,decode,legacy,masked,glm-5.3-flash,w13,1,,,,,,288,128,,1,,4096,4096,,230.95999999999998,91.952,0.3981295462417735,,,0.3981295462417735,True,5bcfe3a4-3aa7-4649-9833-63d109713525,f05f535f-8df9-441e-b661-0bc9dc6e4fce,interleaved-v1,True,False,1,60,626,34
grouped_gemm/m-glm-5.3-flash-w13-ep1-bs1-hot,decode,legacy,masked,glm-5.3-flash,w13,1,,,,,,288,128,,1,,4096,4096,,194.56,58.976,0.303125,,,0.303125,True,5bcfe3a4-3aa7-4649-9833-63d109713525,f05f535f-8df9-441e-b661-0bc9dc6e4fce,interleaved-v1,True,False,1,60,626,34
grouped_gemm/m-glm-5.3-flash-w13-ep1-bs4-balanced,decode,legacy,masked,glm-5.3-flash,w13,1,,,,,,288,128,,1,,4096,4096,,531.232,391.136,0.7362809469309078,,,0.7362809469309078,True,5bcfe3a4-3aa7-4649-9833-63d109713525,f05f535f-8df9-441e-b661-0bc9dc6e4fce,interleaved-v1,True,False,1,60,626,34
grouped_gemm/m-glm-5.3-flash-w13-ep1-bs4-zipf,decode,legacy,masked,glm-5.3-flash,w13,1,,,,,,288,128,,1,,4096,4096,,378.496,249.824,0.6600439634764965,,,0.6600439634764965,True,5bcfe3a4-3aa7-4649-9833-63d109713525,f05f535f-8df9-441e-b661-0bc9dc6e4fce,interleaved-v1,True,False,1,60,626,34
grouped_gemm/m-glm-5.3-flash-w13-ep1-bs4-hot,decode,legacy,masked,glm-5.3-flash,w13,1,,,,,,288,128,,1,,4096,4096,,311.296,163.808,0.5262129934210527,,,0.5262129934210527,True,5bcfe3a4-3aa7-4649-9833-63d109713525,f05f535f-8df9-441e-b661-0bc9dc6e4fce,interleaved-v1,True,False,1,60,626,34
grouped_gemm/m-glm-5.3-flash-w13-ep1-bs16-balanced,decode,legacy,masked,glm-5.3-flash,w13,1,,,,,,288,128,,1,,4096,4096,,1671.168,1548.288,0.9264705882352942,,,0.9264705882352942,True,5bcfe3a4-3aa7-4649-9833-63d109713525,f05f535f-8df9-441e-b661-0bc9dc6e4fce,interleaved-v1,True,False,1,60,626,34
grouped_gemm/m-glm-5.3-flash-w13-ep1-bs16-zipf,decode,legacy,masked,glm-5.3-flash,w13,1,,,,,,288,128,,1,,4096,4096,,770.048,649.216,0.8430851063829787,,,0.8430851063829787,True,5bcfe3a4-3aa7-4649-9833-63d109713525,f05f535f-8df9-441e-b661-0bc9dc6e4fce,interleaved-v1,True,False,1,60,626,34
grouped_gemm/m-glm-5.3-flash-w13-ep1-bs16-hot,decode,legacy,masked,glm-5.3-flash,w13,1,,,,,,288,128,,1,,4096,4096,,763.904,638.976,0.8364611260053619,,,0.8364611260053619,True,5bcfe3a4-3aa7-4649-9833-63d109713525,f05f535f-8df9-441e-b661-0bc9dc6e4fce,interleaved-v1,True,False,1,60,626,35
grouped_gemm/m-glm-5.3-flash-w13-ep1-bs64-balanced,decode,legacy,masked,glm-5.3-flash,w13,1,,,,,,288,128,,2,,4096,4096,,3586.048,3488.736,0.9728637207310109,,,0.9728637207310109,True,5bcfe3a4-3aa7-4649-9833-63d109713525,f05f535f-8df9-441e-b661-0bc9dc6e4fce,interleaved-v1,True,False,1,60,626,35
grouped_gemm/m-glm-5.3-flash-w13-ep1-bs64-zipf,decode,legacy,masked,glm-5.3-flash,w13,1,,,,,,288,128,,2,,4096,4096,,1697.792,1581.056,0.93124246079614,,,0.93124246079614,True,5bcfe3a4-3aa7-4649-9833-63d109713525,f05f535f-8df9-441e-b661-0bc9dc6e4fce,interleaved-v1,True,False,1,60,626,35
grouped_gemm/m-glm-5.3-flash-w13-ep1-bs64-hot,decode,legacy,masked,glm-5.3-flash,w13,1,,,,,,288,128,,2,,4096,4096,,2613.248,2492.416,0.9537617554858935,,,0.9537617554858935,True,5bcfe3a4-3aa7-4649-9833-63d109713525,f05f535f-8df9-441e-b661-0bc9dc6e4fce,interleaved-v1,True,False,1,60,626,35
grouped_gemm/m-glm-5.3-flash-w13-ep1-bs128-balanced,decode,legacy,masked,glm-5.3-flash,w13,1,,,,,,288,128,,4,,4096,4096,,3588.096,3489.792,0.9726027397260274,,,0.9726027397260274,True,5bcfe3a4-3aa7-4649-9833-63d109713525,f05f535f-8df9-441e-b661-0bc9dc6e4fce,interleaved-v1,True,False,1,60,626,35
grouped_gemm/m-glm-5.3-flash-w13-ep1-bs128-zipf,decode,legacy,masked,glm-5.3-flash,w13,1,,,,,,288,128,,4,,4096,4096,,2963.072,2860.016,0.9652198799084194,,,0.9652198799084194,True,5bcfe3a4-3aa7-4649-9833-63d109713525,f05f535f-8df9-441e-b661-0bc9dc6e4fce,interleaved-v1,True,False,1,60,626,35
grouped_gemm/m-glm-5.3-flash-w13-ep1-bs128-hot,decode,legacy,masked,glm-5.3-flash,w13,1,,,,,,288,128,,4,,4096,4096,,3594.064,3485.696,0.9698480605798895,,,0.9698480605798895,True,5bcfe3a4-3aa7-4649-9833-63d109713525,f05f535f-8df9-441e-b661-0bc9dc6e4fce,interleaved-v1,True,False,1,60,626,35
grouped_gemm/m-glm-5.3-flash-w13-ep4-bs1-balanced,decode,legacy,masked,glm-5.3-flash,w13,4,,,,,,72,128,,1,,4096,4096,,63.056,34.416,0.5458005582339508,,,0.5458005582339508,True,5bcfe3a4-3aa7-4649-9833-63d109713525,f05f535f-8df9-441e-b661-0bc9dc6e4fce,interleaved-v1,True,False,1,60,626,35
grouped_gemm/m-glm-5.3-flash-w13-ep4-bs1-zipf,decode,legacy,masked,glm-5.3-flash,w13,4,,,,,,72,128,,1,,4096,4096,,63.488,34.608000000000004,0.5451108870967742,,,0.5451108870967742,True,5bcfe3a4-3aa7-4649-9833-63d109713525,f05f535f-8df9-441e-b661-0bc9dc6e4fce,interleaved-v1,True,False,1,60,626,36
grouped_gemm/m-glm-5.3-flash-w13-ep4-bs1-hot,decode,legacy,masked,glm-5.3-flash,w13,4,,,,,,72,128,,1,,4096,4096,,59.392,24.272,0.4086745689655172,,,0.4086745689655172,True,5bcfe3a4-3aa7-4649-9833-63d109713525,f05f535f-8df9-441e-b661-0bc9dc6e4fce,interleaved-v1,True,False,1,60,626,36
grouped_gemm/m-glm-5.3-flash-w13-ep4-bs4-balanced,decode,legacy,masked,glm-5.3-flash,w13,4,,,,,,72,128,,1,,4096,4096,,137.216,102.368,0.7460354477611939,,,0.7460354477611939,True,5bcfe3a4-3aa7-4649-9833-63d109713525,f05f535f-8df9-441e-b661-0bc9dc6e4fce,interleaved-v1,True,False,1,60,626,36
grouped_gemm/m-glm-5.3-flash-w13-ep4-bs4-zipf,decode,legacy,masked,glm-5.3-flash,w13,4,,,,,,72,128,,1,,4096,4096,,116.736,83.968,0.7192982456140351,,,0.7192982456140351,True,5bcfe3a4-3aa7-4649-9833-63d109713525,f05f535f-8df9-441e-b661-0bc9dc6e4fce,interleaved-v1,True,False,1,60,626,36
grouped_gemm/m-glm-5.3-flash-w13-ep4-bs4-hot,decode,legacy,masked,glm-5.3-flash,w13,4,,,,,,72,128,,1,,4096,4096,,83.792,56.928,0.6793966011075042,,,0.6793966011075042,True,5bcfe3a4-3aa7-4649-9833-63d109713525,f05f535f-8df9-441e-b661-0bc9dc6e4fce,interleaved-v1,True,False,1,60,626,36
grouped_gemm/m-glm-5.3-flash-w13-ep4-bs16-balanced,decode,legacy,masked,glm-5.3-flash,w13,4,,,,,,72,128,,1,,4096,4096,,419.84,391.136,0.9316310975609757,,,0.9316310975609757,True,5bcfe3a4-3aa7-4649-9833-63d109713525,f05f535f-8df9-441e-b661-0bc9dc6e4fce,interleaved-v1,True,False,1,60,626,36
grouped_gemm/m-glm-5.3-flash-w13-ep4-bs16-zipf,decode,legacy,masked,glm-5.3-flash,w13,4,,,,,,72,128,,1,,4096,4096,,241.664,212.576,0.8796345338983051,,,0.8796345338983051,True,5bcfe3a4-3aa7-4649-9833-63d109713525,f05f535f-8df9-441e-b661-0bc9dc6e4fce,interleaved-v1,True,False,1,60,626,36
grouped_gemm/m-glm-5.3-flash-w13-ep4-bs16-hot,decode,legacy,masked,glm-5.3-flash,w13,4,,,,,,72,128,,1,,4096,4096,,196.608,163.808,0.8331705729166666,,,0.8331705729166666,True,5bcfe3a4-3aa7-4649-9833-63d109713525,f05f535f-8df9-441e-b661-0bc9dc6e4fce,interleaved-v1,True,False,1,60,626,36
grouped_gemm/m-glm-5.3-flash-w13-ep4-bs64-balanced,decode,legacy,masked,glm-5.3-flash,w13,4,,,,,,72,128,,2,,4096,4096,,901.12,874.496,0.9704545454545455,,,0.9704545454545455,True,5bcfe3a4-3aa7-4649-9833-63d109713525,f05f535f-8df9-441e-b661-0bc9dc6e4fce,interleaved-v1,True,False,1,60,626,37
grouped_gemm/m-glm-5.3-flash-w13-ep4-bs64-zipf,decode,legacy,masked,glm-5.3-flash,w13,4,,,,,,72,128,,2,,4096,4096,,536.576,514.016,0.9579556297709922,,,0.9579556297709922,True,5bcfe3a4-3aa7-4649-9833-63d109713525,f05f535f-8df9-441e-b661-0bc9dc6e4fce,interleaved-v1,True,False,1,60,626,37
grouped_gemm/m-glm-5.3-flash-w13-ep4-bs64-hot,decode,legacy,masked,glm-5.3-flash,w13,4,,,,,,72,128,,2,,4096,4096,,658.2080000000001,638.576,0.9701735621566434,,,0.9701735621566434,True,5bcfe3a4-3aa7-4649-9833-63d109713525,f05f535f-8df9-441e-b661-0bc9dc6e4fce,interleaved-v1,True,False,1,60,626,37
grouped_gemm/m-glm-5.3-flash-w13-ep4-bs128-balanced,decode,legacy,masked,glm-5.3-flash,w13,4,,,,,,72,128,,4,,4096,4096,,903.168,874.464,0.968218537414966,,,0.968218537414966,True,5bcfe3a4-3aa7-4649-9833-63d109713525,f05f535f-8df9-441e-b661-0bc9dc6e4fce,interleaved-v1,True,False,1,60,626,37
grouped_gemm/m-glm-5.3-flash-w13-ep4-bs128-zipf,decode,legacy,masked,glm-5.3-flash,w13,4,,,,,,72,128,,4,,4096,4096,,753.664,731.136,0.9701086956521738,,,0.9701086956521738,True,5bcfe3a4-3aa7-4649-9833-63d109713525,f05f535f-8df9-441e-b661-0bc9dc6e4fce,interleaved-v1,True,False,1,60,626,37
grouped_gemm/m-glm-5.3-flash-w13-ep4-bs128-hot,decode,legacy,masked,glm-5.3-flash,w13,4,,,,,,72,128,,4,,4096,4096,,897.024,876.544,0.9771689497716894,,,0.9771689497716894,True,5bcfe3a4-3aa7-4649-9833-63d109713525,f05f535f-8df9-441e-b661-0bc9dc6e4fce,interleaved-v1,True,False,1,60,626,37
grouped_gemm/m-glm-5.3-flash-w13-ep8-bs1-balanced,decode,legacy,masked,glm-5.3-flash,w13,8,,,,,,36,128,,1,,4096,4096,,43.008,24.176000000000002,0.5621279761904762,,,0.5621279761904762,True,5bcfe3a4-3aa7-4649-9833-63d109713525,f05f535f-8df9-441e-b661-0bc9dc6e4fce,interleaved-v1,True,False,1,60,626,37
grouped_gemm/m-glm-5.3-flash-w13-ep8-bs1-zipf,decode,legacy,masked,glm-5.3-flash,w13,8,,,,,,36,128,,1,,4096,4096,,44.623999999999995,24.192,0.5421297956256723,,,0.5421297956256723,True,5bcfe3a4-3aa7-4649-9833-63d109713525,f05f535f-8df9-441e-b661-0bc9dc6e4fce,interleaved-v1,True,False,1,60,626,37
grouped_gemm/m-glm-5.3-flash-w13-ep8-bs1-hot,decode,legacy,masked,glm-5.3-flash,w13,8,,,,,,36,128,,1,,4096,4096,,42.656,24.144,0.5660165041260314,,,0.5660165041260314,True,5bcfe3a4-3aa7-4649-9833-63d109713525,f05f535f-8df9-441e-b661-0bc9dc6e4fce,interleaved-v1,True,False,1,60,626,38
grouped_gemm/m-glm-5.3-flash-w13-ep8-bs4-balanced,decode,legacy,masked,glm-5.3-flash,w13,8,,,,,,36,128,,1,,4096,4096,,69.168,56.864,0.8221142724959518,,,0.8221142724959518,True,5bcfe3a4-3aa7-4649-9833-63d109713525,f05f535f-8df9-441e-b661-0bc9dc6e4fce,interleaved-v1,True,False,1,60,626,38
grouped_gemm/m-glm-5.3-flash-w13-ep8-bs4-zipf,decode,legacy,masked,glm-5.3-flash,w13,8,,,,,,36,128,,1,,4096,4096,,59.36,50.736000000000004,0.8547169811320755,,,0.8547169811320755,True,5bcfe3a4-3aa7-4649-9833-63d109713525,f05f535f-8df9-441e-b661-0bc9dc6e4fce,interleaved-v1,True,False,1,60,626,38
grouped_gemm/m-glm-5.3-flash-w13-ep8-bs4-hot,decode,legacy,masked,glm-5.3-flash,w13,8,,,,,,36,128,,1,,4096,4096,,47.104,34.784,0.7384510869565217,,,0.7384510869565217,True,5bcfe3a4-3aa7-4649-9833-63d109713525,f05f535f-8df9-441e-b661-0bc9dc6e4fce,interleaved-v1,True,False,1,60,626,38
grouped_gemm/m-glm-5.3-flash-w13-ep8-bs16-balanced,decode,legacy,masked,glm-5.3-flash,w13,8,,,,,,36,128,,1,,4096,4096,,212.608,198.624,0.9342263696568331,,,0.9342263696568331,True,5bcfe3a4-3aa7-4649-9833-63d109713525,f05f535f-8df9-441e-b661-0bc9dc6e4fce,interleaved-v1,True,False,1,60,626,38
grouped_gemm/m-glm-5.3-flash-w13-ep8-bs16-zipf,decode,legacy,masked,glm-5.3-flash,w13,8,,,,,,36,128,,1,,4096,4096,,139.264,126.944,0.9115349264705882,,,0.9115349264705882,True,5bcfe3a4-3aa7-4649-9833-63d109713525,f05f535f-8df9-441e-b661-0bc9dc6e4fce,interleaved-v1,True,False,1,60,626,38
grouped_gemm/m-glm-5.3-flash-w13-ep8-bs16-hot,decode,legacy,masked,glm-5.3-flash,w13,8,,,,,,36,128,,1,,4096,4096,,106.496,90.08,0.8458533653846154,,,0.8458533653846154,True,5bcfe3a4-3aa7-4649-9833-63d109713525,f05f535f-8df9-441e-b661-0bc9dc6e4fce,interleaved-v1,True,False,1,60,626,38
grouped_gemm/m-glm-5.3-flash-w13-ep8-bs64-balanced,decode,legacy,masked,glm-5.3-flash,w13,8,,,,,,36,128,,2,,4096,4096,,448.512,441.952,0.9853738584474886,,,0.9853738584474886,True,5bcfe3a4-3aa7-4649-9833-63d109713525,f05f535f-8df9-441e-b661-0bc9dc6e4fce,interleaved-v1,True,False,1,60,626,38
grouped_gemm/m-glm-5.3-flash-w13-ep8-bs64-zipf,decode,legacy,masked,glm-5.3-flash,w13,8,,,,,,36,128,,2,,4096,4096,,309.248,299.008,0.966887417218543,,,0.966887417218543,True,5bcfe3a4-3aa7-4649-9833-63d109713525,f05f535f-8df9-441e-b661-0bc9dc6e4fce,interleaved-v1,True,False,1,60,626,39
grouped_gemm/m-glm-5.3-flash-w13-ep8-bs64-hot,decode,legacy,masked,glm-5.3-flash,w13,8,,,,,,36,128,,2,,4096,4096,,329.728,323.584,0.9813664596273292,,,0.9813664596273292,True,5bcfe3a4-3aa7-4649-9833-63d109713525,f05f535f-8df9-441e-b661-0bc9dc6e4fce,interleaved-v1,True,False,1,60,626,39
grouped_gemm/m-glm-5.3-flash-w13-ep8-bs128-balanced,decode,legacy,masked,glm-5.3-flash,w13,8,,,,,,36,128,,4,,4096,4096,,448.512,440.32,0.9817351598173516,,,0.9817351598173516,True,5bcfe3a4-3aa7-4649-9833-63d109713525,f05f535f-8df9-441e-b661-0bc9dc6e4fce,interleaved-v1,True,False,1,60,626,39
grouped_gemm/m-glm-5.3-flash-w13-ep8-bs128-zipf,decode,legacy,masked,glm-5.3-flash,w13,8,,,,,,36,128,,4,,4096,4096,,423.904,415.712,0.9806748697818374,,,0.9806748697818374,True,5bcfe3a4-3aa7-4649-9833-63d109713525,f05f535f-8df9-441e-b661-0bc9dc6e4fce,interleaved-v1,True,False,1,60,626,39
grouped_gemm/m-glm-5.3-flash-w13-ep8-bs128-hot,decode,legacy,masked,glm-5.3-flash,w13,8,,,,,,36,128,,4,,4096,4096,,454.656,440.288,0.9683980855855856,,,0.9683980855855856,True,5bcfe3a4-3aa7-4649-9833-63d109713525,f05f535f-8df9-441e-b661-0bc9dc6e4fce,interleaved-v1,True,False,1,60,626,39
grouped_gemm/m-glm-5.3-flash-w2-ep1-bs1-balanced,decode,legacy,masked,glm-5.3-flash,w2,1,,,,,,288,128,,1,,4096,2048,,126.54400000000001,57.135999999999996,0.4515109369073207,,,0.4515109369073207,True,5bcfe3a4-3aa7-4649-9833-63d109713525,f05f535f-8df9-441e-b661-0bc9dc6e4fce,interleaved-v1,True,False,1,60,626,39
grouped_gemm/m-glm-5.3-flash-w2-ep1-bs1-zipf,decode,legacy,masked,glm-5.3-flash,w2,1,,,,,,288,128,,1,,4096,2048,,112.64,51.168,0.4542613636363636,,,0.4542613636363636,True,5bcfe3a4-3aa7-4649-9833-63d109713525,f05f535f-8df9-441e-b661-0bc9dc6e4fce,interleaved-v1,True,False,1,60,626,39
grouped_gemm/m-glm-5.3-flash-w2-ep1-bs1-hot,decode,legacy,masked,glm-5.3-flash,w2,1,,,,,,288,128,,1,,4096,2048,,100.208,34.784,0.3471179945712917,,,0.3471179945712917,True,5bcfe3a4-3aa7-4649-9833-63d109713525,f05f535f-8df9-441e-b661-0bc9dc6e4fce,interleaved-v1,True,False,1,60,626,39
grouped_gemm/m-glm-5.3-flash-w2-ep1-bs4-balanced,decode,legacy,masked,glm-5.3-flash,w2,1,,,,,,288,128,,1,,4096,2048,,276.48,200.672,0.7258101851851851,,,0.7258101851851851,True,5bcfe3a4-3aa7-4649-9833-63d109713525,f05f535f-8df9-441e-b661-0bc9dc6e4fce,interleaved-v1,True,False,1,60,626,40
grouped_gemm/m-glm-5.3-flash-w2-ep1-bs4-zipf,decode,legacy,masked,glm-5.3-flash,w2,1,,,,,,288,128,,1,,4096,2048,,190.44799999999998,126.944,0.6665546500882131,,,0.6665546500882131,True,5bcfe3a4-3aa7-4649-9833-63d109713525,f05f535f-8df9-441e-b661-0bc9dc6e4fce,interleaved-v1,True,False,1,60,626,40
grouped_gemm/m-glm-5.3-flash-w2-ep1-bs4-hot,decode,legacy,masked,glm-5.3-flash,w2,1,,,,,,288,128,,1,,4096,2048,,165.42399999999998,83.936,0.5073991681980851,,,0.5073991681980851,True,5bcfe3a4-3aa7-4649-9833-63d109713525,f05f535f-8df9-441e-b661-0bc9dc6e4fce,interleaved-v1,True,False,1,60,626,40
grouped_gemm/m-glm-5.3-flash-w2-ep1-bs16-balanced,decode,legacy,masked,glm-5.3-flash,w2,1,,,,,,288,128,,1,,4096,2048,,858.112,788.0319999999999,0.9183323389021479,,,0.9183323389021479,True,5bcfe3a4-3aa7-4649-9833-63d109713525,f05f535f-8df9-441e-b661-0bc9dc6e4fce,interleaved-v1,True,False,1,60,626,40
grouped_gemm/m-glm-5.3-flash-w2-ep1-bs16-zipf,decode,legacy,masked,glm-5.3-flash,w2,1,,,,,,288,128,,1,,4096,2048,,391.168,329.728,0.8429319371727749,,,0.8429319371727749,True,5bcfe3a4-3aa7-4649-9833-63d109713525,f05f535f-8df9-441e-b661-0bc9dc6e4fce,interleaved-v1,True,False,1,60,626,40
grouped_gemm/m-glm-5.3-flash-w2-ep1-bs16-hot,decode,legacy,masked,glm-5.3-flash,w2,1,,,,,,288,128,,1,,4096,2048,,396.896,327.168,0.8243166975731677,,,0.8243166975731677,True,5bcfe3a4-3aa7-4649-9833-63d109713525,f05f535f-8df9-441e-b661-0bc9dc6e4fce,interleaved-v1,True,False,1,60,626,40
grouped_gemm/m-glm-5.3-flash-w2-ep1-bs64-balanced,decode,legacy,masked,glm-5.3-flash,w2,1,,,,,,288,128,,2,,4096,2048,,1837.056,1769.472,0.963210702341137,,,0.963210702341137,True,5bcfe3a4-3aa7-4649-9833-63d109713525,f05f535f-8df9-441e-b661-0bc9dc6e4fce,interleaved-v1,True,False,1,60,626,40
grouped_gemm/m-glm-5.3-flash-w2-ep1-bs64-zipf,decode,legacy,masked,glm-5.3-flash,w2,1,,,,,,288,128,,2,,4096,2048,,872.2719999999999,808.96,0.9274171359392485,,,0.9274171359392485,True,5bcfe3a4-3aa7-4649-9833-63d109713525,f05f535f-8df9-441e-b661-0bc9dc6e4fce,interleaved-v1,True,False,1,60,626,40
grouped_gemm/m-glm-5.3-flash-w2-ep1-bs64-hot,decode,legacy,masked,glm-5.3-flash,w2,1,,,,,,288,128,,2,,4096,2048,,1338.944,1265.664,0.9452703025667989,,,0.9452703025667989,True,5bcfe3a4-3aa7-4649-9833-63d109713525,f05f535f-8df9-441e-b661-0bc9dc6e4fce,interleaved-v1,True,False,1,60,626,41
grouped_gemm/m-glm-5.3-flash-w2-ep1-bs128-balanced,decode,legacy,masked,glm-5.3-flash,w2,1,,,,,,288,128,,4,,4096,2048,,1837.056,1767.424,0.9620958751393534,,,0.9620958751393534,True,5bcfe3a4-3aa7-4649-9833-63d109713525,f05f535f-8df9-441e-b661-0bc9dc6e4fce,interleaved-v1,True,False,1,60,626,41
grouped_gemm/m-glm-5.3-flash-w2-ep1-bs128-zipf,decode,legacy,masked,glm-5.3-flash,w2,1,,,,,,288,128,,4,,4096,2048,,1492.992,1427.424,0.9560828189300412,,,0.9560828189300412,True,5bcfe3a4-3aa7-4649-9833-63d109713525,f05f535f-8df9-441e-b661-0bc9dc6e4fce,interleaved-v1,True,False,1,60,626,41
grouped_gemm/m-glm-5.3-flash-w2-ep1-bs128-hot,decode,legacy,masked,glm-5.3-flash,w2,1,,,,,,288,128,,4,,4096,2048,,1839.872,1769.44,0.9617190761096424,,,0.9617190761096424,True,5bcfe3a4-3aa7-4649-9833-63d109713525,f05f535f-8df9-441e-b661-0bc9dc6e4fce,interleaved-v1,True,False,1,60,626,41
grouped_gemm/m-glm-5.3-flash-w2-ep4-bs1-balanced,decode,legacy,masked,glm-5.3-flash,w2,4,,,,,,72,128,,1,,4096,2048,,34.816,20.48,0.5882352941176471,,,0.5882352941176471,True,5bcfe3a4-3aa7-4649-9833-63d109713525,f05f535f-8df9-441e-b661-0bc9dc6e4fce,interleaved-v1,True,False,1,60,626,41
grouped_gemm/m-glm-5.3-flash-w2-ep4-bs1-zipf,decode,legacy,masked,glm-5.3-flash,w2,4,,,,,,72,128,,1,,4096,2048,,36.512,22.0,0.6025416301489921,,,0.6025416301489921,True,5bcfe3a4-3aa7-4649-9833-63d109713525,f05f535f-8df9-441e-b661-0bc9dc6e4fce,interleaved-v1,True,False,1,60,626,41
grouped_gemm/m-glm-5.3-flash-w2-ep4-bs1-hot,decode,legacy,masked,glm-5.3-flash,w2,4,,,,,,72,128,,1,,4096,2048,,34.816,15.888,0.45634191176470584,,,0.45634191176470584,True,5bcfe3a4-3aa7-4649-9833-63d109713525,f05f535f-8df9-441e-b661-0bc9dc6e4fce,interleaved-v1,True,False,1,60,626,41
grouped_gemm/m-glm-5.3-flash-w2-ep4-bs4-balanced,decode,legacy,masked,glm-5.3-flash,w2,4,,,,,,72,128,,1,,4096,2048,,69.248,54.752,0.7906654343807763,,,0.7906654343807763,True,5bcfe3a4-3aa7-4649-9833-63d109713525,f05f535f-8df9-441e-b661-0bc9dc6e4fce,interleaved-v1,True,False,1,60,626,41
grouped_gemm/m-glm-5.3-flash-w2-ep4-bs4-zipf,decode,legacy,masked,glm-5.3-flash,w2,4,,,,,,72,128,,1,,4096,2048,,61.104,45.024,0.736842105263158,,,0.736842105263158,True,5bcfe3a4-3aa7-4649-9833-63d109713525,f05f535f-8df9-441e-b661-0bc9dc6e4fce,interleaved-v1,True,False,1,60,626,42
grouped_gemm/m-glm-5.3-flash-w2-ep4-bs4-hot,decode,legacy,masked,glm-5.3-flash,w2,4,,,,,,72,128,,1,,4096,2048,,46.752,32.352,0.6919917864476385,,,0.6919917864476385,True,5bcfe3a4-3aa7-4649-9833-63d109713525,f05f535f-8df9-441e-b661-0bc9dc6e4fce,interleaved-v1,True,False,1,60,626,42
grouped_gemm/m-glm-5.3-flash-w2-ep4-bs16-balanced,decode,legacy,masked,glm-5.3-flash,w2,4,,,,,,72,128,,1,,4096,2048,,212.992,198.624,0.9325420673076923,,,0.9325420673076923,True,5bcfe3a4-3aa7-4649-9833-63d109713525,f05f535f-8df9-441e-b661-0bc9dc6e4fce,interleaved-v1,True,False,1,60,626,42
grouped_gemm/m-glm-5.3-flash-w2-ep4-bs16-zipf,decode,legacy,masked,glm-5.3-flash,w2,4,,,,,,72,128,,1,,4096,2048,,120.8,106.464,0.8813245033112583,,,0.8813245033112583,True,5bcfe3a4-3aa7-4649-9833-63d109713525,f05f535f-8df9-441e-b661-0bc9dc6e4fce,interleaved-v1,True,False,1,60,626,42
grouped_gemm/m-glm-5.3-flash-w2-ep4-bs16-hot,decode,legacy,masked,glm-5.3-flash,w2,4,,,,,,72,128,,1,,4096,2048,,98.304,81.888,0.8330078125,,,0.8330078125,True,5bcfe3a4-3aa7-4649-9833-63d109713525,f05f535f-8df9-441e-b661-0bc9dc6e4fce,interleaved-v1,True,False,1,60,626,42
grouped_gemm/m-glm-5.3-flash-w2-ep4-bs64-balanced,decode,legacy,masked,glm-5.3-flash,w2,4,,,,,,72,128,,2,,4096,2048,,462.32,444.384,0.9612043606160235,,,0.9612043606160235,True,5bcfe3a4-3aa7-4649-9833-63d109713525,f05f535f-8df9-441e-b661-0bc9dc6e4fce,interleaved-v1,True,False,1,60,626,42
grouped_gemm/m-glm-5.3-flash-w2-ep4-bs64-zipf,decode,legacy,masked,glm-5.3-flash,w2,4,,,,,,72,128,,2,,4096,2048,,274.256,261.712,0.9542617116854326,,,0.9542617116854326,True,5bcfe3a4-3aa7-4649-9833-63d109713525,f05f535f-8df9-441e-b661-0bc9dc6e4fce,interleaved-v1,True,False,1,60,626,42
grouped_gemm/m-glm-5.3-flash-w2-ep4-bs64-hot,decode,legacy,masked,glm-5.3-flash,w2,4,,,,,,72,128,,2,,4096,2048,,335.872,323.552,0.9633193597560976,,,0.9633193597560976,True,5bcfe3a4-3aa7-4649-9833-63d109713525,f05f535f-8df9-441e-b661-0bc9dc6e4fce,interleaved-v1,True,False,1,60,626,42
grouped_gemm/m-glm-5.3-flash-w2-ep4-bs128-balanced,decode,legacy,masked,glm-5.3-flash,w2,4,,,,,,72,128,,4,,4096,2048,,460.8,446.0,0.9678819444444444,,,0.9678819444444444,True,5bcfe3a4-3aa7-4649-9833-63d109713525,f05f535f-8df9-441e-b661-0bc9dc6e4fce,interleaved-v1,True,False,1,60,626,43
grouped_gemm/m-glm-5.3-flash-w2-ep4-bs128-zipf,decode,legacy,masked,glm-5.3-flash,w2,4,,,,,,72,128,,4,,4096,2048,,385.024,372.24,0.966796875,,,0.966796875,True,5bcfe3a4-3aa7-4649-9833-63d109713525,f05f535f-8df9-441e-b661-0bc9dc6e4fce,interleaved-v1,True,False,1,60,626,43
grouped_gemm/m-glm-5.3-flash-w2-ep4-bs128-hot,decode,legacy,masked,glm-5.3-flash,w2,4,,,,,,72,128,,4,,4096,2048,,457.504,444.4,0.9713576274742952,,,0.9713576274742952,True,5bcfe3a4-3aa7-4649-9833-63d109713525,f05f535f-8df9-441e-b661-0bc9dc6e4fce,interleaved-v1,True,False,1,60,626,43
grouped_gemm/m-glm-5.3-flash-w2-ep8-bs1-balanced,decode,legacy,masked,glm-5.3-flash,w2,8,,,,,,36,128,,1,,4096,2048,,25.344,16.352,0.6452020202020202,,,0.6452020202020202,True,5bcfe3a4-3aa7-4649-9833-63d109713525,f05f535f-8df9-441e-b661-0bc9dc6e4fce,interleaved-v1,True,False,1,60,626,43
grouped_gemm/m-glm-5.3-flash-w2-ep8-bs1-zipf,decode,legacy,masked,glm-5.3-flash,w2,8,,,,,,36,128,,1,,4096,2048,,26.592,16.176000000000002,0.608303249097473,,,0.608303249097473,True,5bcfe3a4-3aa7-4649-9833-63d109713525,f05f535f-8df9-441e-b661-0bc9dc6e4fce,interleaved-v1,True,False,1,60,626,43
grouped_gemm/m-glm-5.3-flash-w2-ep8-bs1-hot,decode,legacy,masked,glm-5.3-flash,w2,8,,,,,,36,128,,1,,4096,2048,,26.624,16.192,0.608173076923077,,,0.608173076923077,True,5bcfe3a4-3aa7-4649-9833-63d109713525,f05f535f-8df9-441e-b661-0bc9dc6e4fce,interleaved-v1,True,False,1,60,626,43
grouped_gemm/m-glm-5.3-flash-w2-ep8-bs4-balanced,decode,legacy,masked,glm-5.3-flash,w2,8,,,,,,36,128,,1,,4096,2048,,38.896,32.352,0.8317564788153022,,,0.8317564788153022,True,5bcfe3a4-3aa7-4649-9833-63d109713525,f05f535f-8df9-441e-b661-0bc9dc6e4fce,interleaved-v1,True,False,1,60,626,43
grouped_gemm/m-glm-5.3-flash-w2-ep8-bs4-zipf,decode,legacy,masked,glm-5.3-flash,w2,8,,,,,,36,128,,1,,4096,2048,,34.336,28.64,0.8341099720410066,,,0.8341099720410066,True,5bcfe3a4-3aa7-4649-9833-63d109713525,f05f535f-8df9-441e-b661-0bc9dc6e4fce,interleaved-v1,True,False,1,60,626,43
grouped_gemm/m-glm-5.3-flash-w2-ep8-bs4-hot,decode,legacy,masked,glm-5.3-flash,w2,8,,,,,,36,128,,1,,4096,2048,,28.256,20.448,0.723669309173273,,,0.723669309173273,True,5bcfe3a4-3aa7-4649-9833-63d109713525,f05f535f-8df9-441e-b661-0bc9dc6e4fce,interleaved-v1,True,False,1,60,626,44
grouped_gemm/m-glm-5.3-flash-w2-ep8-bs16-balanced,decode,legacy,masked,glm-5.3-flash,w2,8,,,,,,36,128,,1,,4096,2048,,106.464,100.32,0.9422903516681694,,,0.9422903516681694,True,5bcfe3a4-3aa7-4649-9833-63d109713525,f05f535f-8df9-441e-b661-0bc9dc6e4fce,interleaved-v1,True,False,1,60,626,44
grouped_gemm/m-glm-5.3-flash-w2-ep8-bs16-zipf,decode,legacy,masked,glm-5.3-flash,w2,8,,,,,,36,128,,1,,4096,2048,,71.28,65.504,0.9189674523007857,,,0.9189674523007857,True,5bcfe3a4-3aa7-4649-9833-63d109713525,f05f535f-8df9-441e-b661-0bc9dc6e4fce,interleaved-v1,True,False,1,60,626,44
grouped_gemm/m-glm-5.3-flash-w2-ep8-bs16-hot,decode,legacy,masked,glm-5.3-flash,w2,8,,,,,,36,128,,1,,4096,2048,,57.312,48.768,0.8509212730318259,,,0.8509212730318259,True,5bcfe3a4-3aa7-4649-9833-63d109713525,f05f535f-8df9-441e-b661-0bc9dc6e4fce,interleaved-v1,True,False,1,60,626,44
grouped_gemm/m-glm-5.3-flash-w2-ep8-bs64-balanced,decode,legacy,masked,glm-5.3-flash,w2,8,,,,,,36,128,,2,,4096,2048,,229.376,223.216,0.97314453125,,,0.97314453125,True,5bcfe3a4-3aa7-4649-9833-63d109713525,f05f535f-8df9-441e-b661-0bc9dc6e4fce,interleaved-v1,True,False,1,60,626,44
grouped_gemm/m-glm-5.3-flash-w2-ep8-bs64-zipf,decode,legacy,masked,glm-5.3-flash,w2,8,,,,,,36,128,,2,,4096,2048,,155.616,151.328,0.9724449928027966,,,0.9724449928027966,True,5bcfe3a4-3aa7-4649-9833-63d109713525,f05f535f-8df9-441e-b661-0bc9dc6e4fce,interleaved-v1,True,False,1,60,626,44
grouped_gemm/m-glm-5.3-flash-w2-ep8-bs64-hot,decode,legacy,masked,glm-5.3-flash,w2,8,,,,,,36,128,,2,,4096,2048,,165.888,163.808,0.9874614197530863,,,0.9874614197530863,True,5bcfe3a4-3aa7-4649-9833-63d109713525,f05f535f-8df9-441e-b661-0bc9dc6e4fce,interleaved-v1,True,False,1,60,626,44
grouped_gemm/m-glm-5.3-flash-w2-ep8-bs128-balanced,decode,legacy,masked,glm-5.3-flash,w2,8,,,,,,36,128,,4,,4096,2048,,229.376,224.88,0.9803989955357142,,,0.9803989955357142,True,5bcfe3a4-3aa7-4649-9833-63d109713525,f05f535f-8df9-441e-b661-0bc9dc6e4fce,interleaved-v1,True,False,1,60,626,44
grouped_gemm/m-glm-5.3-flash-w2-ep8-bs128-zipf,decode,legacy,masked,glm-5.3-flash,w2,8,,,,,,36,128,,4,,4096,2048,,215.04,212.96,0.990327380952381,0.990327380952381,0.990327380952381,0.990327380952381,True,5bcfe3a4-3aa7-4649-9833-63d109713525,f05f535f-8df9-441e-b661-0bc9dc6e4fce,interleaved-v1,True,True,3,860,626,45
grouped_gemm/m-glm-5.3-flash-w2-ep8-bs128-hot,decode,legacy,masked,glm-5.3-flash,w2,8,,,,,,36,128,,4,,4096,2048,,231.424,225.248,0.9733130530973451,,,0.9733130530973451,True,5bcfe3a4-3aa7-4649-9833-63d109713525,f05f535f-8df9-441e-b661-0bc9dc6e4fce,interleaved-v1,True,False,1,60,626,45
grouped_gemm/rt1-dsv4-flash-w13-tp4-ep4-r0-decode-t1-disjoint,decode,route-tp-v1,masked,dsv4-flash,w13,4,4,0,0,1,disjoint,64,128,,3,128,1024,4096,4096,20.48,6.144,0.3,,,0.3,True,5bcfe3a4-3aa7-4649-9833-63d109713525,f05f535f-8df9-441e-b661-0bc9dc6e4fce,interleaved-v1,True,False,1,60,626,45
grouped_gemm/rt1-dsv4-flash-w13-tp4-ep4-r1-decode-t1-disjoint,decode,route-tp-v1,masked,dsv4-flash,w13,4,4,0,1,1,disjoint,64,128,,3,128,1024,4096,4096,20.48,6.144,0.3,,,0.3,True,5bcfe3a4-3aa7-4649-9833-63d109713525,f05f535f-8df9-441e-b661-0bc9dc6e4fce,interleaved-v1,True,False,1,60,626,45
grouped_gemm/rt1-dsv4-flash-w13-tp4-ep4-r2-decode-t1-disjoint,decode,route-tp-v1,masked,dsv4-flash,w13,4,4,0,2,1,disjoint,64,128,,3,128,1024,4096,4096,20.48,6.144,0.3,,,0.3,True,5bcfe3a4-3aa7-4649-9833-63d109713525,f05f535f-8df9-441e-b661-0bc9dc6e4fce,interleaved-v1,True,False,1,60,626,45
grouped_gemm/rt1-dsv4-flash-w13-tp4-ep4-r3-decode-t1-disjoint,decode,route-tp-v1,masked,dsv4-flash,w13,4,4,0,3,1,disjoint,64,128,,3,128,1024,4096,4096,38.912,28.64,0.7360197368421053,,,0.7360197368421053,True,5bcfe3a4-3aa7-4649-9833-63d109713525,f05f535f-8df9-441e-b661-0bc9dc6e4fce,interleaved-v1,True,False,1,60,626,45
grouped_gemm/rt1-dsv4-flash-w2-tp4-ep4-r0-decode-t1-disjoint,decode,route-tp-v1,masked,dsv4-flash,w2,4,4,0,0,1,disjoint,64,128,,3,128,4096,512,512,18.432,7.696,0.41753472222222227,,,0.41753472222222227,True,5bcfe3a4-3aa7-4649-9833-63d109713525,f05f535f-8df9-441e-b661-0bc9dc6e4fce,interleaved-v1,True,False,1,60,626,45
grouped_gemm/rt1-dsv4-flash-w2-tp4-ep4-r1-decode-t1-disjoint,decode,route-tp-v1,masked,dsv4-flash,w2,4,4,0,1,1,disjoint,64,128,,3,128,4096,512,512,18.432,6.144,0.33333333333333337,,,0.33333333333333337,True,5bcfe3a4-3aa7-4649-9833-63d109713525,f05f535f-8df9-441e-b661-0bc9dc6e4fce,interleaved-v1,True,False,1,60,626,45
grouped_gemm/rt1-dsv4-flash-w2-tp4-ep4-r2-decode-t1-disjoint,decode,route-tp-v1,masked,dsv4-flash,w2,4,4,0,2,1,disjoint,64,128,,3,128,4096,512,512,18.432,7.616,0.4131944444444445,,,0.4131944444444445,True,5bcfe3a4-3aa7-4649-9833-63d109713525,f05f535f-8df9-441e-b661-0bc9dc6e4fce,interleaved-v1,True,False,1,60,626,46
grouped_gemm/rt1-dsv4-flash-w2-tp4-ep4-r3-decode-t1-disjoint,decode,route-tp-v1,masked,dsv4-flash,w2,4,4,0,3,1,disjoint,64,128,,3,128,4096,512,512,26.624,18.016,0.6766826923076923,,,0.6766826923076923,True,5bcfe3a4-3aa7-4649-9833-63d109713525,f05f535f-8df9-441e-b661-0bc9dc6e4fce,interleaved-v1,True,False,1,60,626,46
grouped_gemm/rt1-dsv4-flash-w13-tp4-ep4-r0-decode-t128-hot,decode,route-tp-v1,masked,dsv4-flash,w13,4,4,0,0,128,hot,64,128,,3,128,1024,4096,4096,196.07999999999998,192.512,0.9818033455732355,,,0.9818033455732355,True,5bcfe3a4-3aa7-4649-9833-63d109713525,f05f535f-8df9-441e-b661-0bc9dc6e4fce,interleaved-v1,True,False,1,60,626,46
grouped_gemm/rt1-dsv4-flash-w13-tp4-ep4-r1-decode-t128-hot,decode,route-tp-v1,masked,dsv4-flash,w13,4,4,0,1,128,hot,64,128,,3,128,1024,4096,4096,196.16,194.176,0.9898858075040783,,,0.9898858075040783,True,5bcfe3a4-3aa7-4649-9833-63d109713525,f05f535f-8df9-441e-b661-0bc9dc6e4fce,interleaved-v1,True,False,1,60,626,46
grouped_gemm/rt1-dsv4-flash-w13-tp4-ep4-r2-decode-t128-hot,decode,route-tp-v1,masked,dsv4-flash,w13,4,4,0,2,128,hot,64,128,,3,128,1024,4096,4096,204.448,198.624,0.9715135388949757,,,0.9715135388949757,True,5bcfe3a4-3aa7-4649-9833-63d109713525,f05f535f-8df9-441e-b661-0bc9dc6e4fce,interleaved-v1,True,False,1,60,626,46
grouped_gemm/rt1-dsv4-flash-w13-tp4-ep4-r3-decode-t128-hot,decode,route-tp-v1,masked,dsv4-flash,w13,4,4,0,3,128,hot,64,128,,3,128,1024,4096,4096,192.064,186.336,0.970176607797401,,,0.970176607797401,True,5bcfe3a4-3aa7-4649-9833-63d109713525,f05f535f-8df9-441e-b661-0bc9dc6e4fce,interleaved-v1,True,False,1,60,626,46
grouped_gemm/rt1-dsv4-flash-w2-tp4-ep4-r0-decode-t128-hot,decode,route-tp-v1,masked,dsv4-flash,w2,4,4,0,0,128,hot,64,128,,3,128,4096,512,512,100.32,92.128,0.9183413078149921,,,0.9183413078149921,True,5bcfe3a4-3aa7-4649-9833-63d109713525,f05f535f-8df9-441e-b661-0bc9dc6e4fce,interleaved-v1,True,False,1,60,626,46
grouped_gemm/rt1-dsv4-flash-w2-tp4-ep4-r1-decode-t128-hot,decode,route-tp-v1,masked,dsv4-flash,w2,4,4,0,1,128,hot,64,128,,3,128,4096,512,512,100.32,93.792,0.9349282296650718,,,0.9349282296650718,True,5bcfe3a4-3aa7-4649-9833-63d109713525,f05f535f-8df9-441e-b661-0bc9dc6e4fce,interleaved-v1,True,False,1,60,626,46
grouped_gemm/rt1-dsv4-flash-w2-tp4-ep4-r2-decode-t128-hot,decode,route-tp-v1,masked,dsv4-flash,w2,4,4,0,2,128,hot,64,128,,3,128,4096,512,512,104.448,99.952,0.9569546568627452,,,0.9569546568627452,True,5bcfe3a4-3aa7-4649-9833-63d109713525,f05f535f-8df9-441e-b661-0bc9dc6e4fce,interleaved-v1,True,False,1,60,626,47
grouped_gemm/rt1-dsv4-flash-w2-tp4-ep4-r3-decode-t128-hot,decode,route-tp-v1,masked,dsv4-flash,w2,4,4,0,3,128,hot,64,128,,3,128,4096,512,512,98.272,92.128,0.9374796483230218,,,0.9374796483230218,True,5bcfe3a4-3aa7-4649-9833-63d109713525,f05f535f-8df9-441e-b661-0bc9dc6e4fce,interleaved-v1,True,False,1,60,626,47
grouped_gemm/rt1-dsv41-flash-w13-tp4-ep4-r0-decode-t1-disjoint,decode,route-tp-v1,masked,dsv41-flash,w13,4,4,0,0,1,disjoint,96,128,,2,128,1152,5120,5120,55.120000000000005,38.480000000000004,0.6981132075471699,,,0.6981132075471699,True,5bcfe3a4-3aa7-4649-9833-63d109713525,f05f535f-8df9-441e-b661-0bc9dc6e4fce,interleaved-v1,True,False,1,60,626,47
grouped_gemm/rt1-dsv41-flash-w13-tp4-ep4-r1-decode-t1-disjoint,decode,route-tp-v1,masked,dsv41-flash,w13,4,4,0,1,1,disjoint,96,128,,2,128,1152,5120,5120,28.256,5.968,0.21121177802944507,,,0.21121177802944507,True,5bcfe3a4-3aa7-4649-9833-63d109713525,f05f535f-8df9-441e-b661-0bc9dc6e4fce,interleaved-v1,True,False,1,60,626,47
grouped_gemm/rt1-dsv41-flash-w13-tp4-ep4-r2-decode-t1-disjoint,decode,route-tp-v1,masked,dsv41-flash,w13,4,4,0,2,1,disjoint,96,128,,2,128,1152,5120,5120,28.16,5.792,0.2056818181818182,,,0.2056818181818182,True,5bcfe3a4-3aa7-4649-9833-63d109713525,f05f535f-8df9-441e-b661-0bc9dc6e4fce,interleaved-v1,True,False,1,60,626,47
grouped_gemm/rt1-dsv41-flash-w13-tp4-ep4-r3-decode-t1-disjoint,decode,route-tp-v1,masked,dsv41-flash,w13,4,4,0,3,1,disjoint,96,128,,2,128,1152,5120,5120,28.224,6.144,0.21768707482993196,,,0.21768707482993196,True,5bcfe3a4-3aa7-4649-9833-63d109713525,f05f535f-8df9-441e-b661-0bc9dc6e4fce,interleaved-v1,True,False,1,60,626,47
grouped_gemm/rt1-dsv41-flash-w2-tp4-ep4-r0-decode-t1-disjoint,decode,route-tp-v1,masked,dsv41-flash,w2,4,4,0,0,1,disjoint,96,128,,2,128,5120,640,576,40.96,22.496,0.54921875,,,0.54921875,True,5bcfe3a4-3aa7-4649-9833-63d109713525,f05f535f-8df9-441e-b661-0bc9dc6e4fce,interleaved-v1,True,False,1,60,626,47
grouped_gemm/rt1-dsv41-flash-w2-tp4-ep4-r1-decode-t1-disjoint,decode,route-tp-v1,masked,dsv41-flash,w2,4,4,0,1,1,disjoint,96,128,,2,128,5120,640,576,28.672,8.192,0.2857142857142857,,,0.2857142857142857,True,5bcfe3a4-3aa7-4649-9833-63d109713525,f05f535f-8df9-441e-b661-0bc9dc6e4fce,interleaved-v1,True,False,1,60,626,47
grouped_gemm/rt1-dsv41-flash-w2-tp4-ep4-r2-decode-t1-disjoint,decode,route-tp-v1,masked,dsv41-flash,w2,4,4,0,2,1,disjoint,96,128,,2,128,5120,640,576,28.32,8.192,0.28926553672316385,,,0.28926553672316385,True,5bcfe3a4-3aa7-4649-9833-63d109713525,f05f535f-8df9-441e-b661-0bc9dc6e4fce,interleaved-v1,True,False,1,60,626,48
grouped_gemm/rt1-dsv41-flash-w2-tp4-ep4-r3-decode-t1-disjoint,decode,route-tp-v1,masked,dsv41-flash,w2,4,4,0,3,1,disjoint,96,128,,2,128,5120,640,576,28.672,7.84,0.2734375,,,0.2734375,True,5bcfe3a4-3aa7-4649-9833-63d109713525,f05f535f-8df9-441e-b661-0bc9dc6e4fce,interleaved-v1,True,False,1,60,626,48
grouped_gemm/rt1-dsv41-flash-w13-tp4-ep4-r0-decode-t128-hot,decode,route-tp-v1,masked,dsv41-flash,w13,4,4,0,0,128,hot,96,128,,2,128,1152,5120,5120,364.064,348.16,0.9563153731212095,,,0.9563153731212095,True,5bcfe3a4-3aa7-4649-9833-63d109713525,f05f535f-8df9-441e-b661-0bc9dc6e4fce,interleaved-v1,True,False,1,60,626,48
grouped_gemm/rt1-dsv41-flash-w13-tp4-ep4-r1-decode-t128-hot,decode,route-tp-v1,masked,dsv41-flash,w13,4,4,0,1,128,hot,96,128,,2,128,1152,5120,5120,346.112,335.36,0.9689349112426036,,,0.9689349112426036,True,5bcfe3a4-3aa7-4649-9833-63d109713525,f05f535f-8df9-441e-b661-0bc9dc6e4fce,interleaved-v1,True,False,1,60,626,48
grouped_gemm/rt1-dsv41-flash-w13-tp4-ep4-r2-decode-t128-hot,decode,route-tp-v1,masked,dsv41-flash,w13,4,4,0,2,128,hot,96,128,,2,128,1152,5120,5120,356.144,339.936,0.9544903185228446,,,0.9544903185228446,True,5bcfe3a4-3aa7-4649-9833-63d109713525,f05f535f-8df9-441e-b661-0bc9dc6e4fce,interleaved-v1,True,False,1,60,626,48
grouped_gemm/rt1-dsv41-flash-w13-tp4-ep4-r3-decode-t128-hot,decode,route-tp-v1,masked,dsv41-flash,w13,4,4,0,3,128,hot,96,128,,2,128,1152,5120,5120,372.544,358.368,0.9619481188799176,,,0.9619481188799176,True,5bcfe3a4-3aa7-4649-9833-63d109713525,f05f535f-8df9-441e-b661-0bc9dc6e4fce,interleaved-v1,True,False,1,60,626,48
grouped_gemm/rt1-dsv41-flash-w2-tp4-ep4-r0-decode-t128-hot,decode,route-tp-v1,masked,dsv41-flash,w2,4,4,0,0,128,hot,96,128,,2,128,5120,640,576,217.088,198.656,0.9150943396226415,,,0.9150943396226415,True,5bcfe3a4-3aa7-4649-9833-63d109713525,f05f535f-8df9-441e-b661-0bc9dc6e4fce,interleaved-v1,True,False,1,60,626,48
grouped_gemm/rt1-dsv41-flash-w2-tp4-ep4-r1-decode-t128-hot,decode,route-tp-v1,masked,dsv41-flash,w2,4,4,0,1,128,hot,96,128,,2,128,5120,640,576,206.848,188.416,0.9108910891089108,,,0.9108910891089108,True,5bcfe3a4-3aa7-4649-9833-63d109713525,f05f535f-8df9-441e-b661-0bc9dc6e4fce,interleaved-v1,True,False,1,60,626,48
grouped_gemm/rt1-dsv41-flash-w2-tp4-ep4-r2-decode-t128-hot,decode,route-tp-v1,masked,dsv41-flash,w2,4,4,0,2,128,hot,96,128,,2,128,5120,640,576,212.992,192.48,0.9036959134615384,,,0.9036959134615384,True,5bcfe3a4-3aa7-4649-9833-63d109713525,f05f535f-8df9-441e-b661-0bc9dc6e4fce,interleaved-v1,True,False,1,60,626,49
grouped_gemm/rt1-dsv41-flash-w2-tp4-ep4-r3-decode-t128-hot,decode,route-tp-v1,masked,dsv41-flash,w2,4,4,0,3,128,hot,96,128,,2,128,5120,640,576,222.768,202.752,0.9101486748545572,,,0.9101486748545572,True,5bcfe3a4-3aa7-4649-9833-63d109713525,f05f535f-8df9-441e-b661-0bc9dc6e4fce,interleaved-v1,True,False,1,60,626,49
grouped_gemm/rt1-dsv41-flash-w13-tp8-ep1-r0-decode-t1-disjoint,decode,route-tp-v1,masked,dsv41-flash,w13,1,8,0,0,1,disjoint,384,128,,2,128,576,5120,5120,81.568,26.272,0.32208709297763827,,,0.32208709297763827,True,5bcfe3a4-3aa7-4649-9833-63d109713525,f05f535f-8df9-441e-b661-0bc9dc6e4fce,interleaved-v1,True,False,1,60,626,49
grouped_gemm/rt1-dsv41-flash-w2-tp8-ep1-r0-decode-t1-disjoint,decode,route-tp-v1,masked,dsv41-flash,w2,1,8,0,0,1,disjoint,384,128,,2,128,5120,384,288,97.952,24.192,0.2469781117281934,,,0.2469781117281934,True,5bcfe3a4-3aa7-4649-9833-63d109713525,f05f535f-8df9-441e-b661-0bc9dc6e4fce,interleaved-v1,True,False,1,60,626,49
grouped_gemm/rt1-dsv41-flash-w13-tp8-ep1-r0-decode-t128-hot,decode,route-tp-v1,masked,dsv41-flash,w13,1,8,0,0,128,hot,384,128,,2,128,576,5120,5120,773.952,708.608,0.9155709914826758,,,0.9155709914826758,True,5bcfe3a4-3aa7-4649-9833-63d109713525,f05f535f-8df9-441e-b661-0bc9dc6e4fce,interleaved-v1,True,False,1,60,626,49
grouped_gemm/rt1-dsv41-flash-w2-tp8-ep1-r0-decode-t128-hot,decode,route-tp-v1,masked,dsv41-flash,w2,1,8,0,0,128,hot,384,128,,2,128,5120,384,288,591.872,491.52,0.8304498269896194,,,0.8304498269896194,True,5bcfe3a4-3aa7-4649-9833-63d109713525,f05f535f-8df9-441e-b661-0bc9dc6e4fce,interleaved-v1,True,False,1,60,626,49
grouped_gemm/rt1-glm-5.3-flash-w13-tp1-ep8-r0-decode-t1-disjoint,decode,route-tp-v1,masked,glm-5.3-flash,w13,8,1,0,0,1,disjoint,36,128,,4,128,4096,4096,4096,118.59200000000001,102.368,0.8631948192120884,,,0.8631948192120884,True,5bcfe3a4-3aa7-4649-9833-63d109713525,f05f535f-8df9-441e-b661-0bc9dc6e4fce,interleaved-v1,True,False,1,60,626,49
grouped_gemm/rt1-glm-5.3-flash-w13-tp1-ep8-r1-decode-t1-disjoint,decode,route-tp-v1,masked,glm-5.3-flash,w13,8,1,0,1,1,disjoint,36,128,,4,128,4096,4096,4096,24.064,6.144,0.2553191489361702,,,0.2553191489361702,True,5bcfe3a4-3aa7-4649-9833-63d109713525,f05f535f-8df9-441e-b661-0bc9dc6e4fce,interleaved-v1,True,False,1,60,626,49
grouped_gemm/rt1-glm-5.3-flash-w13-tp1-ep8-r2-decode-t1-disjoint,decode,route-tp-v1,masked,glm-5.3-flash,w13,8,1,0,2,1,disjoint,36,128,,4,128,4096,4096,4096,24.192,6.144,0.25396825396825395,,,0.25396825396825395,True,5bcfe3a4-3aa7-4649-9833-63d109713525,f05f535f-8df9-441e-b661-0bc9dc6e4fce,interleaved-v1,True,False,1,60,626,50
grouped_gemm/rt1-glm-5.3-flash-w13-tp1-ep8-r3-decode-t1-disjoint,decode,route-tp-v1,masked,glm-5.3-flash,w13,8,1,0,3,1,disjoint,36,128,,4,128,4096,4096,4096,24.128,6.144,0.2546419098143236,,,0.2546419098143236,True,5bcfe3a4-3aa7-4649-9833-63d109713525,f05f535f-8df9-441e-b661-0bc9dc6e4fce,interleaved-v1,True,False,1,60,626,50
grouped_gemm/rt1-glm-5.3-flash-w13-tp1-ep8-r4-decode-t1-disjoint,decode,route-tp-v1,masked,glm-5.3-flash,w13,8,1,0,4,1,disjoint,36,128,,4,128,4096,4096,4096,24.192,6.144,0.25396825396825395,,,0.25396825396825395,True,5bcfe3a4-3aa7-4649-9833-63d109713525,f05f535f-8df9-441e-b661-0bc9dc6e4fce,interleaved-v1,True,False,1,60,626,50
grouped_gemm/rt1-glm-5.3-flash-w13-tp1-ep8-r5-decode-t1-disjoint,decode,route-tp-v1,masked,glm-5.3-flash,w13,8,1,0,5,1,disjoint,36,128,,4,128,4096,4096,4096,24.048000000000002,6.144,0.2554890219560878,,,0.2554890219560878,True,5bcfe3a4-3aa7-4649-9833-63d109713525,f05f535f-8df9-441e-b661-0bc9dc6e4fce,interleaved-v1,True,False,1,60,626,50
grouped_gemm/rt1-glm-5.3-flash-w13-tp1-ep8-r6-decode-t1-disjoint,decode,route-tp-v1,masked,glm-5.3-flash,w13,8,1,0,6,1,disjoint,36,128,,4,128,4096,4096,4096,24.192,6.144,0.25396825396825395,,,0.25396825396825395,True,5bcfe3a4-3aa7-4649-9833-63d109713525,f05f535f-8df9-441e-b661-0bc9dc6e4fce,interleaved-v1,True,False,1,60,626,50
grouped_gemm/rt1-glm-5.3-flash-w13-tp1-ep8-r7-decode-t1-disjoint,decode,route-tp-v1,masked,glm-5.3-flash,w13,8,1,0,7,1,disjoint,36,128,,4,128,4096,4096,4096,24.144,6.144,0.25447316103379725,,,0.25447316103379725,True,5bcfe3a4-3aa7-4649-9833-63d109713525,f05f535f-8df9-441e-b661-0bc9dc6e4fce,interleaved-v1,True,False,1,60,626,50
grouped_gemm/rt1-glm-5.3-flash-w2-tp1-ep8-r0-decode-t1-disjoint,decode,route-tp-v1,masked,glm-5.3-flash,w2,8,1,0,0,1,disjoint,36,128,,4,128,4096,2048,2048,63.007999999999996,54.912,0.8715083798882682,,,0.8715083798882682,True,5bcfe3a4-3aa7-4649-9833-63d109713525,f05f535f-8df9-441e-b661-0bc9dc6e4fce,interleaved-v1,True,False,1,60,626,50
grouped_gemm/rt1-glm-5.3-flash-w2-tp1-ep8-r1-decode-t1-disjoint,decode,route-tp-v1,masked,glm-5.3-flash,w2,8,1,0,1,1,disjoint,36,128,,4,128,4096,2048,2048,16.032,6.144,0.38323353293413176,,,0.38323353293413176,True,5bcfe3a4-3aa7-4649-9833-63d109713525,f05f535f-8df9-441e-b661-0bc9dc6e4fce,interleaved-v1,True,False,1,60,626,50
grouped_gemm/rt1-glm-5.3-flash-w2-tp1-ep8-r2-decode-t1-disjoint,decode,route-tp-v1,masked,glm-5.3-flash,w2,8,1,0,2,1,disjoint,36,128,,4,128,4096,2048,2048,16.032,6.144,0.38323353293413176,,,0.38323353293413176,True,5bcfe3a4-3aa7-4649-9833-63d109713525,f05f535f-8df9-441e-b661-0bc9dc6e4fce,interleaved-v1,True,False,1,60,626,51
grouped_gemm/rt1-glm-5.3-flash-w2-tp1-ep8-r3-decode-t1-disjoint,decode,route-tp-v1,masked,glm-5.3-flash,w2,8,1,0,3,1,disjoint,36,128,,4,128,4096,2048,2048,16.0,6.144,0.384,,,0.384,True,5bcfe3a4-3aa7-4649-9833-63d109713525,f05f535f-8df9-441e-b661-0bc9dc6e4fce,interleaved-v1,True,False,1,60,626,51
grouped_gemm/rt1-glm-5.3-flash-w2-tp1-ep8-r4-decode-t1-disjoint,decode,route-tp-v1,masked,glm-5.3-flash,w2,8,1,0,4,1,disjoint,36,128,,4,128,4096,2048,2048,16.032,6.144,0.38323353293413176,,,0.38323353293413176,True,5bcfe3a4-3aa7-4649-9833-63d109713525,f05f535f-8df9-441e-b661-0bc9dc6e4fce,interleaved-v1,True,False,1,60,626,51
grouped_gemm/rt1-glm-5.3-flash-w2-tp1-ep8-r5-decode-t1-disjoint,decode,route-tp-v1,masked,glm-5.3-flash,w2,8,1,0,5,1,disjoint,36,128,,4,128,4096,2048,2048,16.208,6.144,0.37907206317867725,,,0.37907206317867725,True,5bcfe3a4-3aa7-4649-9833-63d109713525,f05f535f-8df9-441e-b661-0bc9dc6e4fce,interleaved-v1,True,False,1,60,626,51
grouped_gemm/rt1-glm-5.3-flash-w2-tp1-ep8-r6-decode-t1-disjoint,decode,route-tp-v1,masked,glm-5.3-flash,w2,8,1,0,6,1,disjoint,36,128,,4,128,4096,2048,2048,16.0,6.144,0.384,,,0.384,True,5bcfe3a4-3aa7-4649-9833-63d109713525,f05f535f-8df9-441e-b661-0bc9dc6e4fce,interleaved-v1,True,False,1,60,626,51
grouped_gemm/rt1-glm-5.3-flash-w2-tp1-ep8-r7-decode-t1-disjoint,decode,route-tp-v1,masked,glm-5.3-flash,w2,8,1,0,7,1,disjoint,36,128,,4,128,4096,2048,2048,16.032,6.144,0.38323353293413176,,,0.38323353293413176,True,5bcfe3a4-3aa7-4649-9833-63d109713525,f05f535f-8df9-441e-b661-0bc9dc6e4fce,interleaved-v1,True,False,1,60,626,51
grouped_gemm/rt1-glm-5.3-flash-w13-tp1-ep8-r0-decode-t128-hot,decode,route-tp-v1,masked,glm-5.3-flash,w13,8,1,0,0,128,hot,36,128,,4,128,4096,4096,4096,435.872,428.032,0.9820130680566771,,,0.9820130680566771,True,5bcfe3a4-3aa7-4649-9833-63d109713525,f05f535f-8df9-441e-b661-0bc9dc6e4fce,interleaved-v1,True,False,1,60,626,51
grouped_gemm/rt1-glm-5.3-flash-w13-tp1-ep8-r1-decode-t128-hot,decode,route-tp-v1,masked,glm-5.3-flash,w13,8,1,0,1,128,hot,36,128,,4,128,4096,4096,4096,411.648,405.472,0.9849968905472636,,,0.9849968905472636,True,5bcfe3a4-3aa7-4649-9833-63d109713525,f05f535f-8df9-441e-b661-0bc9dc6e4fce,interleaved-v1,True,False,1,60,626,51
grouped_gemm/rt1-glm-5.3-flash-w13-tp1-ep8-r2-decode-t128-hot,decode,route-tp-v1,masked,glm-5.3-flash,w13,8,1,0,2,128,hot,36,128,,4,128,4096,4096,4096,436.03200000000004,428.0,0.9815793336268896,,,0.9815793336268896,True,5bcfe3a4-3aa7-4649-9833-63d109713525,f05f535f-8df9-441e-b661-0bc9dc6e4fce,interleaved-v1,True,False,1,60,626,52
grouped_gemm/rt1-glm-5.3-flash-w13-tp1-ep8-r3-decode-t128-hot,decode,route-tp-v1,masked,glm-5.3-flash,w13,8,1,0,3,128,hot,36,128,,4,128,4096,4096,4096,425.632,415.712,0.9766934816931058,,,0.9766934816931058,True,5bcfe3a4-3aa7-4649-9833-63d109713525,f05f535f-8df9-441e-b661-0bc9dc6e4fce,interleaved-v1,True,False,1,60,626,52
grouped_gemm/rt1-glm-5.3-flash-w13-tp1-ep8-r4-decode-t128-hot,decode,route-tp-v1,masked,glm-5.3-flash,w13,8,1,0,4,128,hot,36,128,,4,128,4096,4096,4096,436.048,428.0,0.9815433163321469,,,0.9815433163321469,True,5bcfe3a4-3aa7-4649-9833-63d109713525,f05f535f-8df9-441e-b661-0bc9dc6e4fce,interleaved-v1,True,False,1,60,626,52
grouped_gemm/rt1-glm-5.3-flash-w13-tp1-ep8-r5-decode-t128-hot,decode,route-tp-v1,masked,glm-5.3-flash,w13,8,1,0,5,128,hot,36,128,,4,128,4096,4096,4096,435.856,428.0,0.9819756983958005,,,0.9819756983958005,True,5bcfe3a4-3aa7-4649-9833-63d109713525,f05f535f-8df9-441e-b661-0bc9dc6e4fce,interleaved-v1,True,False,1,60,626,52
grouped_gemm/rt1-glm-5.3-flash-w13-tp1-ep8-r6-decode-t128-hot,decode,route-tp-v1,masked,glm-5.3-flash,w13,8,1,0,6,128,hot,36,128,,4,128,4096,4096,4096,425.456,417.376,0.9810086119363693,,,0.9810086119363693,True,5bcfe3a4-3aa7-4649-9833-63d109713525,f05f535f-8df9-441e-b661-0bc9dc6e4fce,interleaved-v1,True,False,1,60,626,52
grouped_gemm/rt1-glm-5.3-flash-w13-tp1-ep8-r7-decode-t128-hot,decode,route-tp-v1,masked,glm-5.3-flash,w13,8,1,0,7,128,hot,36,128,,4,128,4096,4096,4096,437.808,433.728,0.9906808463984212,0.986772873428822,0.986772873428822,0.9906808463984212,True,5bcfe3a4-3aa7-4649-9833-63d109713525,f05f535f-8df9-441e-b661-0bc9dc6e4fce,interleaved-v1,True,True,3,860,626,52
grouped_gemm/rt1-glm-5.3-flash-w2-tp1-ep8-r0-decode-t128-hot,decode,route-tp-v1,masked,glm-5.3-flash,w2,8,1,0,0,128,hot,36,128,,4,128,4096,2048,2048,222.816,217.088,0.9742926899325003,,,0.9742926899325003,True,5bcfe3a4-3aa7-4649-9833-63d109713525,f05f535f-8df9-441e-b661-0bc9dc6e4fce,interleaved-v1,True,False,1,60,626,52
grouped_gemm/rt1-glm-5.3-flash-w2-tp1-ep8-r1-decode-t128-hot,decode,route-tp-v1,masked,glm-5.3-flash,w2,8,1,0,1,128,hot,36,128,,4,128,4096,2048,2048,210.43200000000002,206.432,0.9809914841849147,,,0.9809914841849147,True,5bcfe3a4-3aa7-4649-9833-63d109713525,f05f535f-8df9-441e-b661-0bc9dc6e4fce,interleaved-v1,True,False,1,60,626,52
grouped_gemm/rt1-glm-5.3-flash-w2-tp1-ep8-r2-decode-t128-hot,decode,route-tp-v1,masked,glm-5.3-flash,w2,8,1,0,2,128,hot,36,128,,4,128,4096,2048,2048,223.2,218.704,0.9798566308243728,,,0.9798566308243728,True,5bcfe3a4-3aa7-4649-9833-63d109713525,f05f535f-8df9-441e-b661-0bc9dc6e4fce,interleaved-v1,True,False,1,60,626,53
grouped_gemm/rt1-glm-5.3-flash-w2-tp1-ep8-r3-decode-t128-hot,decode,route-tp-v1,masked,glm-5.3-flash,w2,8,1,0,3,128,hot,36,128,,4,128,4096,2048,2048,215.04,210.912,0.9808035714285714,,,0.9808035714285714,True,5bcfe3a4-3aa7-4649-9833-63d109713525,f05f535f-8df9-441e-b661-0bc9dc6e4fce,interleaved-v1,True,False,1,60,626,53
grouped_gemm/rt1-glm-5.3-flash-w2-tp1-ep8-r4-decode-t128-hot,decode,route-tp-v1,masked,glm-5.3-flash,w2,8,1,0,4,128,hot,36,128,,4,128,4096,2048,2048,221.92000000000002,217.856,0.9816870944484498,,,0.9816870944484498,True,5bcfe3a4-3aa7-4649-9833-63d109713525,f05f535f-8df9-441e-b661-0bc9dc6e4fce,interleaved-v1,True,False,1,60,626,53
grouped_gemm/rt1-glm-5.3-flash-w2-tp1-ep8-r5-decode-t128-hot,decode,route-tp-v1,masked,glm-5.3-flash,w2,8,1,0,5,128,hot,36,128,,4,128,4096,2048,2048,221.184,218.704,0.9887876157407408,,,0.9887876157407408,True,5bcfe3a4-3aa7-4649-9833-63d109713525,f05f535f-8df9-441e-b661-0bc9dc6e4fce,interleaved-v1,True,False,1,60,626,53
grouped_gemm/rt1-glm-5.3-flash-w2-tp1-ep8-r6-decode-t128-hot,decode,route-tp-v1,masked,glm-5.3-flash,w2,8,1,0,6,128,hot,36,128,,4,128,4096,2048,2048,215.04,210.912,0.9808035714285714,,,0.9808035714285714,True,5bcfe3a4-3aa7-4649-9833-63d109713525,f05f535f-8df9-441e-b661-0bc9dc6e4fce,interleaved-v1,True,False,1,60,626,53
grouped_gemm/rt1-glm-5.3-flash-w2-tp1-ep8-r7-decode-t128-hot,decode,route-tp-v1,masked,glm-5.3-flash,w2,8,1,0,7,128,hot,36,128,,4,128,4096,2048,2048,222.768,219.104,0.9835523953171013,,,0.9835523953171013,True,5bcfe3a4-3aa7-4649-9833-63d109713525,f05f535f-8df9-441e-b661-0bc9dc6e4fce,interleaved-v1,True,False,1,60,626,53
grouped_gemm/rt1-glm-5.3-w13-tp1-ep4-r0-decode-t1-disjoint,decode,route-tp-v1,masked,glm-5.3,w13,4,1,0,0,1,disjoint,64,128,,4,128,4096,6144,6144,178.928,126.976,0.70964857372798,,,0.70964857372798,True,5bcfe3a4-3aa7-4649-9833-63d109713525,f05f535f-8df9-441e-b661-0bc9dc6e4fce,interleaved-v1,True,False,1,60,626,53
grouped_gemm/rt1-glm-5.3-w13-tp1-ep4-r1-decode-t1-disjoint,decode,route-tp-v1,masked,glm-5.3,w13,4,1,0,1,1,disjoint,64,128,,4,128,4096,6144,6144,83.968,49.12,0.584984756097561,,,0.584984756097561,True,5bcfe3a4-3aa7-4649-9833-63d109713525,f05f535f-8df9-441e-b661-0bc9dc6e4fce,interleaved-v1,True,False,1,60,626,53
grouped_gemm/rt1-glm-5.3-w13-tp1-ep4-r2-decode-t1-disjoint,decode,route-tp-v1,masked,glm-5.3,w13,4,1,0,2,1,disjoint,64,128,,4,128,4096,6144,6144,47.104,6.144,0.13043478260869565,,,0.13043478260869565,True,5bcfe3a4-3aa7-4649-9833-63d109713525,f05f535f-8df9-441e-b661-0bc9dc6e4fce,interleaved-v1,True,False,1,60,626,54
grouped_gemm/rt1-glm-5.3-w13-tp1-ep4-r3-decode-t1-disjoint,decode,route-tp-v1,masked,glm-5.3,w13,4,1,0,3,1,disjoint,64,128,,4,128,4096,6144,6144,47.104,6.928,0.14707880434782608,,,0.14707880434782608,True,5bcfe3a4-3aa7-4649-9833-63d109713525,f05f535f-8df9-441e-b661-0bc9dc6e4fce,interleaved-v1,True,False,1,60,626,54
grouped_gemm/rt1-glm-5.3-w2-tp1-ep4-r0-decode-t1-disjoint,decode,route-tp-v1,masked,glm-5.3,w2,4,1,0,0,1,disjoint,64,128,,4,128,6144,2048,2048,79.84,63.120000000000005,0.7905811623246494,,,0.7905811623246494,True,5bcfe3a4-3aa7-4649-9833-63d109713525,f05f535f-8df9-441e-b661-0bc9dc6e4fce,interleaved-v1,True,False,1,60,626,54
grouped_gemm/rt1-glm-5.3-w2-tp1-ep4-r1-decode-t1-disjoint,decode,route-tp-v1,masked,glm-5.3,w2,4,1,0,1,1,disjoint,64,128,,4,128,6144,2048,2048,45.056,28.64,0.6356534090909092,,,0.6356534090909092,True,5bcfe3a4-3aa7-4649-9833-63d109713525,f05f535f-8df9-441e-b661-0bc9dc6e4fce,interleaved-v1,True,False,1,60,626,54
grouped_gemm/rt1-glm-5.3-w2-tp1-ep4-r2-decode-t1-disjoint,decode,route-tp-v1,masked,glm-5.3,w2,4,1,0,2,1,disjoint,64,128,,4,128,6144,2048,2048,28.656,8.192,0.28587381351200447,,,0.28587381351200447,True,5bcfe3a4-3aa7-4649-9833-63d109713525,f05f535f-8df9-441e-b661-0bc9dc6e4fce,interleaved-v1,True,False,1,60,626,54
grouped_gemm/rt1-glm-5.3-w2-tp1-ep4-r3-decode-t1-disjoint,decode,route-tp-v1,masked,glm-5.3,w2,4,1,0,3,1,disjoint,64,128,,4,128,6144,2048,2048,28.672,8.192,0.2857142857142857,,,0.2857142857142857,True,5bcfe3a4-3aa7-4649-9833-63d109713525,f05f535f-8df9-441e-b661-0bc9dc6e4fce,interleaved-v1,True,False,1,60,626,54
grouped_gemm/rt1-glm-5.3-w13-tp1-ep4-r0-decode-t128-hot,decode,route-tp-v1,masked,glm-5.3,w13,4,1,0,0,128,hot,64,128,,4,128,4096,6144,6144,1105.92,1082.144,0.9785011574074074,,,0.9785011574074074,True,5bcfe3a4-3aa7-4649-9833-63d109713525,f05f535f-8df9-441e-b661-0bc9dc6e4fce,interleaved-v1,True,False,1,60,626,54
grouped_gemm/rt1-glm-5.3-w13-tp1-ep4-r1-decode-t128-hot,decode,route-tp-v1,masked,glm-5.3,w13,4,1,0,1,128,hot,64,128,,4,128,4096,6144,6144,1177.6,1155.072,0.9808695652173913,,,0.9808695652173913,True,5bcfe3a4-3aa7-4649-9833-63d109713525,f05f535f-8df9-441e-b661-0bc9dc6e4fce,interleaved-v1,True,False,1,60,626,54
grouped_gemm/rt1-glm-5.3-w13-tp1-ep4-r2-decode-t128-hot,decode,route-tp-v1,masked,glm-5.3,w13,4,1,0,2,128,hot,64,128,,4,128,4096,6144,6144,1175.552,1154.7040000000002,0.9822653527874566,,,0.9822653527874566,True,5bcfe3a4-3aa7-4649-9833-63d109713525,f05f535f-8df9-441e-b661-0bc9dc6e4fce,interleaved-v1,True,False,1,60,626,55
grouped_gemm/rt1-glm-5.3-w13-tp1-ep4-r3-decode-t128-hot,decode,route-tp-v1,masked,glm-5.3,w13,4,1,0,3,128,hot,64,128,,4,128,4096,6144,6144,1177.6,1154.6399999999999,0.9805027173913043,,,0.9805027173913043,True,5bcfe3a4-3aa7-4649-9833-63d109713525,f05f535f-8df9-441e-b661-0bc9dc6e4fce,interleaved-v1,True,False,1,60,626,55
grouped_gemm/rt1-glm-5.3-w2-tp1-ep4-r0-decode-t128-hot,decode,route-tp-v1,masked,glm-5.3,w2,4,1,0,0,128,hot,64,128,,4,128,6144,2048,2048,561.152,544.768,0.9708029197080291,,,0.9708029197080291,True,5bcfe3a4-3aa7-4649-9833-63d109713525,f05f535f-8df9-441e-b661-0bc9dc6e4fce,interleaved-v1,True,False,1,60,626,55
grouped_gemm/rt1-glm-5.3-w2-tp1-ep4-r1-decode-t128-hot,decode,route-tp-v1,masked,glm-5.3,w2,4,1,0,1,128,hot,64,128,,4,128,6144,2048,2048,601.6800000000001,585.696,0.9734343837255683,,,0.9734343837255683,True,5bcfe3a4-3aa7-4649-9833-63d109713525,f05f535f-8df9-441e-b661-0bc9dc6e4fce,interleaved-v1,True,False,1,60,626,55
grouped_gemm/rt1-glm-5.3-w2-tp1-ep4-r2-decode-t128-hot,decode,route-tp-v1,masked,glm-5.3,w2,4,1,0,2,128,hot,64,128,,4,128,6144,2048,2048,598.016,581.6,0.9725492294520549,,,0.9725492294520549,True,5bcfe3a4-3aa7-4649-9833-63d109713525,f05f535f-8df9-441e-b661-0bc9dc6e4fce,interleaved-v1,True,False,1,60,626,55
grouped_gemm/rt1-glm-5.3-w2-tp1-ep4-r3-decode-t128-hot,decode,route-tp-v1,masked,glm-5.3,w2,4,1,0,3,128,hot,64,128,,4,128,6144,2048,2048,598.016,581.632,0.9726027397260274,,,0.9726027397260274,True,5bcfe3a4-3aa7-4649-9833-63d109713525,f05f535f-8df9-441e-b661-0bc9dc6e4fce,interleaved-v1,True,False,1,60,626,55
